country,continent,year_resource,happiness_score,gdp_per_capita,social_support,healthy_life_expectancy,freedom,generosity,perceptions_of_corruption,positive_affect,negative_affect
Afghanistan,south asia,2015,3.983,7.654,0.529,52.6,0.389,0.082,0.881,0.491,0.339
Afghanistan,south asia,2016,4.22,7.65,0.559,52.925,0.523,0.044,0.793,0.501,0.348
Afghanistan,south asia,2017,2.662,7.648,0.491,53.25,0.427,-0.119,0.954,0.435,0.371
Afghanistan,south asia,2018,2.694,7.631,0.508,53.575,0.374,-0.091,0.928,0.385,0.405
Afghanistan,south asia,2019,2.375,7.64,0.42,53.9,0.394,-0.106,0.924,0.324,0.502
Afghanistan,south asia,2021,2.436,7.324,0.454,54.55,0.394,-0.081,0.946,0.179,0.607
Afghanistan,south asia,2022,1.281,,0.228,54.875,0.368,,0.733,0.206,0.576
Albania,south europe,2015,4.607,9.383,0.639,69,0.704,-0.082,0.885,0.579,0.35
Albania,south europe,2016,4.511,9.417,0.638,69.025,0.73,-0.019,0.901,0.567,0.322
Albania,south europe,2017,4.64,9.455,0.638,69.05,0.75,-0.031,0.876,0.547,0.334
Albania,south europe,2018,5.004,9.497,0.684,69.075,0.824,0.007,0.899,0.592,0.319
Albania,south europe,2019,4.995,9.522,0.686,69.1,0.777,-0.101,0.914,0.548,0.274
Albania,south europe,2020,5.365,9.492,0.71,69.125,0.754,0.004,0.891,0.563,0.265
Albania,south europe,2021,5.255,9.583,0.702,69.15,0.827,0.041,0.896,0.554,0.254
Albania,south europe,2022,5.212,9.626,0.724,69.175,0.802,-0.066,0.846,0.547,0.255
Algeria,africa,2016,5.341,9.383,0.749,66.1,,,,0.565,0.377
Algeria,africa,2017,5.249,9.377,0.807,66.2,0.437,-0.171,0.7,0.555,0.289
Algeria,africa,2018,5.043,9.37,0.799,66.3,0.583,-0.151,0.759,0.534,0.293
Algeria,africa,2019,4.745,9.361,0.803,66.4,0.385,0,0.741,0.544,0.215
Algeria,africa,2020,5.438,9.291,0.868,66.5,0.574,-0.121,0.724,0.524,0.311
Algeria,africa,2021,5.217,9.309,0.841,66.6,0.558,-0.113,0.712,0.498,0.258
Angola,africa,2011,5.589,8.944,0.723,51.22,0.584,0.053,0.911,0.667,0.361
Angola,africa,2012,4.36,8.989,0.753,51.84,0.456,-0.139,0.906,0.591,0.305
Angola,africa,2013,3.937,9,0.722,52.46,0.41,-0.106,0.816,0.65,0.371
Angola,africa,2014,3.795,9.01,0.755,53.08,0.375,-0.17,0.834,0.595,0.368
Argentina,south america,2015,6.697,10.083,0.926,66.9,0.881,-0.178,0.851,0.768,0.305
Argentina,south america,2016,6.427,10.051,0.883,66.95,0.848,-0.195,0.851,0.732,0.312
Argentina,south america,2017,6.039,10.069,0.907,67,0.832,-0.19,0.841,0.715,0.292
Argentina,south america,2018,5.793,10.032,0.9,67.05,0.846,-0.214,0.855,0.732,0.321
Argentina,south america,2019,6.086,10.002,0.896,67.1,0.817,-0.214,0.83,0.735,0.319
Argentina,south america,2020,5.901,9.888,0.897,67.15,0.823,-0.129,0.816,0.679,0.342
Argentina,south america,2021,5.908,9.977,0.882,67.2,0.819,-0.012,0.816,0.685,0.345
Argentina,south america,2022,6.261,10.011,0.893,67.25,0.825,-0.128,0.81,0.724,0.284
Armenia,west asia,2015,4.348,9.351,0.723,66,0.551,-0.207,0.901,0.527,0.438
Armenia,west asia,2016,4.325,9.357,0.709,66.275,0.611,-0.175,0.921,0.516,0.437
Armenia,west asia,2017,4.288,9.434,0.698,66.55,0.614,-0.152,0.865,0.552,0.437
Armenia,west asia,2018,5.062,9.49,0.814,66.825,0.808,-0.169,0.677,0.535,0.455
Armenia,west asia,2019,5.488,9.569,0.782,67.1,0.844,-0.179,0.583,0.537,0.43
Armenia,west asia,2021,5.301,9.561,0.762,67.65,0.795,-0.156,0.705,0.566,0.478
Armenia,west asia,2022,5.382,9.668,0.811,67.925,0.79,-0.154,0.705,0.531,0.549
Australia,australia,2015,7.309,10.77,0.952,70.6,0.922,0.328,0.357,0.75,0.21
Australia,australia,2016,7.25,10.781,0.942,70.675,0.922,0.235,0.399,0.736,0.236
Australia,australia,2017,7.257,10.787,0.95,70.75,0.911,0.314,0.411,0.728,0.225
Australia,australia,2018,7.177,10.801,0.94,70.825,0.916,0.143,0.405,0.706,0.187
Australia,australia,2019,7.234,10.807,0.943,70.9,0.918,0.117,0.43,0.727,0.202
Australia,australia,2020,7.137,10.794,0.937,70.975,0.905,0.203,0.491,0.726,0.205
Australia,australia,2021,7.112,10.815,0.92,71.05,0.912,0.236,0.454,0.74,0.235
Australia,australia,2022,7.035,10.854,0.942,71.125,0.854,0.153,0.545,0.711,0.244
Austria,south europe,2015,7.076,10.876,0.928,70.4,0.9,0.095,0.557,0.748,0.164
Austria,south europe,2016,7.048,10.885,0.926,70.525,0.889,0.076,0.524,0.713,0.197
Austria,south europe,2017,7.294,10.9,0.906,70.65,0.89,0.129,0.518,0.699,0.18
Austria,south europe,2018,7.396,10.919,0.912,70.775,0.904,0.05,0.523,0.695,0.226
Austria,south europe,2019,7.195,10.93,0.964,70.9,0.903,0.056,0.457,0.727,0.205
Austria,south europe,2020,7.213,10.859,0.925,71.025,0.912,0.006,0.464,0.716,0.206
Austria,south europe,2021,7.08,10.899,0.863,71.15,0.795,0.159,0.501,0.722,0.259
Austria,south europe,2022,6.999,10.939,0.876,71.275,0.856,0.139,0.524,0.718,0.226
Azerbaijan,,2015,5.147,9.606,0.786,63.1,0.764,-0.201,0.616,0.52,0.206
Azerbaijan,,2016,5.304,9.563,0.777,63.225,0.713,-0.207,0.607,0.509,0.191
Azerbaijan,,2017,5.152,9.555,0.787,63.35,0.731,-0.228,0.653,0.512,0.198
Azerbaijan,,2018,5.168,9.562,0.781,63.475,0.772,-0.235,0.561,0.527,0.191
Azerbaijan,,2019,5.173,9.578,0.887,63.6,0.854,-0.218,0.457,0.577,0.164
Bahrain,asia,2015,6.007,10.788,0.853,66.2,0.85,0.107,,0.653,0.303
Bahrain,asia,2016,6.17,10.789,0.863,66.125,0.889,0.083,,0.736,0.283
Bahrain,asia,2017,6.227,10.798,0.876,66.05,0.906,0.13,,0.754,0.29
Bahrain,asia,2019,7.098,10.815,0.878,65.9,0.907,0.036,,0.711,0.317
Bahrain,asia,2020,6.173,10.776,0.848,65.825,0.945,0.117,,0.73,0.297
Bangladesh,south asia,2015,4.633,8.375,0.601,63.8,0.815,-0.082,0.721,0.543,0.226
Bangladesh,south asia,2016,4.556,8.431,0.649,63.925,0.875,-0.102,0.688,0.437,0.235
Bangladesh,south asia,2017,4.31,8.483,0.713,64.05,0.896,-0.001,0.635,0.436,0.214
Bangladesh,south asia,2018,4.499,8.542,0.706,64.175,0.901,-0.056,0.701,0.433,0.361
Bangladesh,south asia,2019,5.114,8.607,0.673,64.3,0.902,-0.064,0.656,0.433,0.369
Bangladesh,south asia,2020,5.28,8.629,0.739,64.425,0.777,-0.023,0.742,0.485,0.332
Bangladesh,south asia,2021,4.123,8.685,0.485,64.55,0.893,0.092,0.746,0.504,0.448
Bangladesh,south asia,2022,3.408,8.743,0.404,64.675,0.865,-0.055,0.617,0.394,0.448
Belarus,east europe,2015,5.719,9.818,0.924,65.1,0.623,-0.095,0.669,0.546,0.184
Belarus,east europe,2016,5.178,9.792,0.927,65.325,0.658,-0.129,0.664,0.503,0.182
Belarus,east europe,2017,5.553,9.818,0.9,65.55,0.621,-0.125,0.654,0.502,0.233
Belarus,east europe,2018,5.234,9.851,0.905,65.775,0.644,-0.178,0.718,0.409,0.236
Belarus,east europe,2019,5.821,9.867,0.917,66,0.657,-0.19,0.546,0.559,0.19
Belgium,west europe,2015,6.904,10.809,0.885,70,0.869,0.058,0.469,0.747,0.24
Belgium,west europe,2016,6.949,10.816,0.929,70.15,0.866,-0.06,0.497,0.701,0.26
Belgium,west europe,2017,6.928,10.829,0.922,70.3,0.857,0.05,0.543,0.713,0.234
Belgium,west europe,2018,6.892,10.842,0.93,70.45,0.808,-0.129,0.63,0.682,0.25
Belgium,west europe,2019,6.772,10.859,0.884,70.6,0.776,-0.176,0.672,0.699,0.244
Belgium,west europe,2020,6.839,10.799,0.904,70.75,0.767,-0.17,0.634,0.619,0.26
Belgium,west europe,2021,6.882,10.854,0.915,70.9,0.823,0.079,0.523,0.687,0.26
Belgium,west europe,2022,6.857,10.878,0.923,71.05,0.89,0.097,0.483,0.718,0.235
Benin,west africa,2015,3.625,7.955,0.434,54.3,0.733,-0.026,0.85,0.555,0.373
Benin,west africa,2016,4.007,7.958,0.493,54.6,0.78,-0.064,0.838,0.578,0.456
Benin,west africa,2017,4.853,7.984,0.436,54.9,0.727,-0.064,0.767,0.598,0.458
Benin,west africa,2018,5.82,8.02,0.504,55.2,0.713,0.003,0.747,0.625,0.468
Benin,west africa,2019,4.976,8.057,0.442,55.5,0.77,-0.015,0.698,0.638,0.441
Benin,west africa,2020,4.408,8.067,0.507,55.8,0.783,-0.083,0.532,0.557,0.305
Benin,west africa,2021,4.493,8.108,0.436,56.1,0.724,-0.013,0.613,0.597,0.435
Benin,west africa,2022,4.217,8.137,0.366,56.4,0.714,-0.03,0.58,0.571,0.444
Bhutan,south asia,2013,5.569,9.097,0.819,62.24,0.81,0.352,0.802,0.664,0.217
Bhutan,south asia,2014,4.939,9.143,0.88,62.42,0.834,0.267,0.65,0.775,0.324
Bhutan,south asia,2015,5.082,9.198,0.848,62.6,0.83,0.276,0.634,0.723,0.312
Bolivia,south america,2015,5.834,8.965,0.829,62.7,0.884,-0.031,0.862,0.749,0.393
Bolivia,south america,2016,5.77,8.991,0.796,62.85,0.882,-0.048,0.853,0.736,0.376
Bolivia,south america,2017,5.651,9.017,0.779,63,0.884,-0.122,0.819,0.655,0.434
Bolivia,south america,2018,5.916,9.044,0.827,63.15,0.863,-0.094,0.786,0.705,0.387
Bolivia,south america,2019,5.674,9.051,0.784,63.3,0.881,-0.087,0.857,0.701,0.419
Bolivia,south america,2020,5.559,8.946,0.805,63.45,0.877,-0.053,0.868,0.729,0.382
Bolivia,south america,2021,5.569,8.994,0.798,63.6,0.862,-0.055,0.812,0.721,0.403
Bolivia,south america,2022,5.929,9.014,0.824,63.75,0.865,-0.08,0.84,0.738,0.426
Bosnia and Herzegovina,europe,2015,5.117,9.417,0.656,67,0.631,-0.055,0.96,0.486,0.286
Bosnia and Herzegovina,europe,2016,5.181,9.46,0.808,67.05,0.633,0.134,0.957,0.566,0.304
Bosnia and Herzegovina,europe,2017,5.09,9.503,0.775,67.1,0.564,0.091,0.923,0.527,0.271
Bosnia and Herzegovina,europe,2018,5.887,9.552,0.836,67.15,0.659,0.122,0.913,0.568,0.277
Bosnia and Herzegovina,europe,2019,6.016,9.591,0.873,67.2,0.722,0.077,0.963,0.545,0.238
Bosnia and Herzegovina,europe,2020,5.516,9.572,0.899,67.25,0.74,0.135,0.916,0.602,0.325
Bosnia and Herzegovina,europe,2021,5.749,9.659,0.86,67.3,0.759,0.277,0.921,0.604,0.305
Botswana,south africa,2015,3.762,9.524,0.816,52.8,0.857,-0.105,0.86,0.676,0.261
Botswana,south africa,2016,3.499,9.573,0.768,53.075,0.852,-0.244,0.729,0.657,0.252
Botswana,south africa,2017,3.505,9.593,0.768,53.35,0.817,-0.24,0.731,0.612,0.276
Botswana,south africa,2018,3.461,9.613,0.795,53.625,0.818,-0.246,0.807,0.688,0.267
Botswana,south africa,2019,3.471,9.624,0.774,53.9,0.833,-0.231,0.792,0.665,0.273
Botswana,south africa,2022,3.435,9.629,0.75,54.725,0.739,-0.215,0.831,0.623,0.287
Brazil,south america,2015,6.547,9.617,0.907,64.7,0.799,-0.019,0.771,0.687,0.325
Brazil,south america,2016,6.375,9.575,0.912,64.875,0.807,-0.103,0.781,0.711,0.302
Brazil,south america,2017,6.333,9.58,0.905,65.05,0.765,-0.178,0.794,0.669,0.308
Brazil,south america,2018,6.191,9.59,0.882,65.225,0.751,-0.12,0.763,0.677,0.35
Brazil,south america,2019,6.451,9.595,0.899,65.4,0.83,-0.065,0.762,0.701,0.337
Brazil,south america,2020,6.11,9.548,0.831,65.575,0.786,-0.058,0.729,0.653,0.389
Brazil,south america,2021,6.01,9.588,0.814,65.75,0.792,0.089,0.739,0.662,0.407
Brazil,south america,2022,6.257,9.611,0.866,65.925,0.83,-0.061,0.742,0.681,0.341
Bulgaria,europe,2015,4.865,9.903,0.908,65.9,0.637,-0.205,0.941,0.556,0.214
Bulgaria,europe,2016,4.838,9.94,0.926,66,0.7,-0.175,0.936,0.545,0.172
Bulgaria,europe,2017,5.097,9.975,0.942,66.1,0.689,-0.158,0.911,0.542,0.189
Bulgaria,europe,2018,5.099,10.008,0.924,66.2,0.724,-0.18,0.952,0.554,0.189
Bulgaria,europe,2019,5.108,10.055,0.948,66.3,0.822,-0.113,0.943,0.577,0.2
Bulgaria,europe,2020,5.598,10.021,0.916,66.4,0.818,-0.01,0.901,0.642,0.221
Bulgaria,europe,2021,5.422,10.102,0.884,66.5,0.841,-0.016,0.891,0.647,0.253
Bulgaria,europe,2022,5.378,10.138,0.953,66.6,0.741,-0.145,0.942,0.582,0.165
Burkina Faso,west africa,2015,4.419,7.53,0.705,53.4,0.659,0.005,0.693,0.555,0.359
Burkina Faso,west africa,2016,4.206,7.558,0.764,53.775,0.645,0.001,0.721,0.59,0.337
Burkina Faso,west africa,2017,4.647,7.59,0.785,54.15,0.614,-0.062,0.727,0.58,0.354
Burkina Faso,west africa,2018,4.927,7.626,0.665,54.525,0.721,-0.012,0.757,0.656,0.343
Burkina Faso,west africa,2019,4.741,7.654,0.683,54.9,0.678,-0.003,0.729,0.656,0.365
Burkina Faso,west africa,2020,4.64,7.647,0.668,55.275,0.75,0.123,0.809,0.605,0.388
Burkina Faso,west africa,2021,4.636,7.687,0.658,55.65,0.644,0.067,0.736,0.62,0.363
Burundi,africa,2011,3.706,6.694,0.422,51.52,0.49,-0.059,0.677,0.572,0.19
Burundi,africa,2014,2.905,6.723,0.565,53.38,0.431,-0.055,0.808,0.622,0.251
Burundi,africa,2018,3.775,6.607,0.485,55.2,0.646,-0.023,0.599,0.636,0.363
Cambodia,south asia,2015,4.162,8.179,0.729,60.7,0.956,0.208,0.825,0.731,0.399
Cambodia,south asia,2016,4.461,8.233,0.746,60.9,0.958,0.073,0.84,0.713,0.398
Cambodia,south asia,2017,4.586,8.287,0.765,61.1,0.964,0.085,0.821,0.669,0.408
Cambodia,south asia,2018,5.122,8.347,0.795,61.3,0.958,0.032,,0.723,0.414
Cambodia,south asia,2019,4.998,8.404,0.759,61.5,0.957,0.01,0.828,0.704,0.39
Cambodia,south asia,2020,4.377,8.361,0.724,61.7,0.963,0.05,0.863,0.771,0.39
Cambodia,south asia,2021,4.555,8.379,0.713,61.9,0.965,0.015,0.844,0.759,0.391
Cambodia,south asia,2022,4.25,8.415,0.784,62.1,0.946,0.154,0.86,0.756,0.388
Cameroon,west africa,2015,5.038,8.193,0.646,51.8,0.791,0.044,0.868,0.624,0.346
Cameroon,west africa,2016,4.816,8.207,0.659,52.475,0.713,-0.008,0.879,0.635,0.367
Cameroon,west africa,2017,5.074,8.214,0.695,53.15,0.767,-0.033,0.844,0.632,0.377
Cameroon,west africa,2018,5.251,8.225,0.677,53.825,0.816,0.031,0.884,0.63,0.356
Cameroon,west africa,2019,4.937,8.231,0.711,54.5,0.712,-0.012,0.817,0.606,0.326
Cameroon,west africa,2020,5.241,8.207,0.72,55.175,0.675,0.045,0.837,0.626,0.386
Cameroon,west africa,2021,4.963,8.216,0.695,55.85,0.715,-0.026,0.849,0.612,0.347
Cameroon,west africa,2022,4.712,8.227,0.629,56.525,0.675,0.025,0.849,0.586,0.362
Canada,north america,2015,7.413,10.769,0.939,71.1,0.931,0.249,0.427,0.792,0.286
Canada,north america,2016,7.245,10.768,0.924,71.15,0.912,0.207,0.385,0.768,0.237
Canada,north america,2017,7.415,10.786,0.934,71.2,0.945,0.159,0.362,0.799,0.218
Canada,north america,2018,7.175,10.799,0.923,71.25,0.946,0.102,0.372,0.773,0.259
Canada,north america,2019,7.109,10.803,0.925,71.3,0.912,0.107,0.436,0.781,0.285
Canada,north america,2020,7.025,10.738,0.931,71.35,0.887,0.045,0.434,0.738,0.307
Canada,north america,2021,6.939,10.777,0.926,71.4,0.898,0.191,0.384,0.763,0.276
Canada,north america,2022,6.918,10.803,0.929,71.45,0.838,0.222,0.442,0.719,0.287
Central African Republic,africa,2007,4.16,6.946,0.532,41.48,0.663,0.083,0.782,0.567,0.33
Central African Republic,africa,2010,3.568,7.031,0.483,42.5,0.69,-0.033,0.845,0.478,0.257
Central African Republic,africa,2011,3.678,7.057,0.387,42.84,0.78,-0.012,0.834,0.502,0.277
Central African Republic,africa,2016,2.693,6.707,0.29,44.75,0.624,0.037,0.859,0.551,0.494
Central African Republic,africa,2017,3.476,6.733,0.32,45.3,0.645,0.078,0.89,0.602,0.599
Chad,north africa,2015,4.323,7.525,0.751,50.5,0.474,-0.03,0.889,0.593,0.358
Chad,north africa,2016,4.029,7.429,0.616,50.875,0.525,0.051,0.82,0.564,0.468
Chad,north africa,2017,4.559,7.365,0.661,51.25,0.615,0.007,0.792,0.584,0.538
Chad,north africa,2018,4.486,7.355,0.577,51.625,0.65,0.023,0.763,0.532,0.544
Chad,north africa,2019,4.251,7.354,0.64,52,0.537,0.054,0.832,0.556,0.46
Chad,north africa,2022,4.397,7.261,0.72,53.125,0.679,0.221,0.805,0.588,0.499
Chile,south america,2015,6.533,10.105,0.827,69.4,0.769,0.034,0.812,0.752,0.333
Chile,south america,2016,6.579,10.11,0.841,69.55,0.652,0.096,0.858,0.792,0.283
Chile,south america,2017,6.32,10.108,0.88,69.7,0.79,-0.026,0.836,0.765,0.291
Chile,south america,2018,6.436,10.13,0.89,69.85,0.789,-0.066,0.816,0.755,0.276
Chile,south america,2019,5.942,10.119,0.869,70,0.659,-0.108,0.86,0.741,0.337
Chile,south america,2020,6.151,10.044,0.888,70.15,0.781,0.028,0.812,0.753,0.336
Chile,south america,2021,6.436,10.144,0.891,70.3,0.803,-0.05,0.859,0.735,0.221
Chile,south america,2022,6.415,10.154,0.887,70.45,0.793,-0.011,0.796,0.775,0.253
China,east asia,2015,5.304,9.442,0.794,68,,-0.247,,0.667,0.171
China,east asia,2016,5.325,9.503,0.742,68.125,,-0.23,,0.683,0.146
China,east asia,2017,5.099,9.564,0.772,68.25,0.878,-0.178,,0.682,0.214
China,east asia,2018,5.131,9.625,0.788,68.375,0.895,-0.161,,0.722,0.19
China,east asia,2019,5.144,9.679,0.822,68.5,0.927,-0.176,,0.76,0.147
China,east asia,2020,5.771,9.699,0.808,68.625,0.891,-0.106,,0.663,0.245
China,east asia,2021,5.863,9.776,0.856,68.75,0.875,0.022,,0.698,0.24
Colombia,south america,2015,6.388,9.562,0.89,68.3,0.791,-0.103,0.843,0.803,0.292
Colombia,south america,2016,6.234,9.572,0.882,68.475,0.835,-0.104,0.898,0.77,0.294
Colombia,south america,2017,6.157,9.57,0.909,68.65,0.838,-0.16,0.875,0.79,0.299
Colombia,south america,2018,5.984,9.577,0.871,68.825,0.851,-0.152,0.855,0.775,0.301
Colombia,south america,2019,6.35,9.59,0.873,69,0.822,-0.175,0.854,0.791,0.322
Colombia,south america,2020,5.709,9.502,0.797,69.175,0.84,-0.088,0.808,0.759,0.34
Colombia,south america,2021,5.29,9.592,0.793,69.35,0.775,-0.063,0.831,0.752,0.348
Colombia,south america,2022,5.892,9.66,0.877,69.525,0.799,-0.162,0.863,0.762,0.306
Comoros,south africa,2018,3.973,8.1,0.621,58.725,0.56,0.079,0.794,0.688,0.337
Comoros,south africa,2019,4.609,8.099,0.632,58.9,0.538,0.071,0.762,0.665,0.336
Comoros,south africa,2022,3.545,8.075,0.472,59.425,0.481,-0.014,0.732,0.603,0.352
Congo (Brazzaville),africa,2015,4.691,8.519,0.642,54.9,0.85,-0.126,0.841,0.555,0.261
Congo (Brazzaville),africa,2016,4.119,8.381,0.615,55.225,0.786,-0.088,0.79,0.586,0.304
Congo (Brazzaville),africa,2017,4.884,8.312,0.655,55.55,0.778,-0.145,0.763,0.574,0.382
Congo (Brazzaville),africa,2018,5.49,8.239,0.621,55.875,0.699,-0.102,0.738,0.571,0.448
Congo (Brazzaville),africa,2019,5.213,8.215,0.625,56.2,0.686,-0.056,0.741,0.594,0.405
Congo (Brazzaville),africa,2020,5.079,8.127,0.597,56.525,0.761,-0.021,0.728,0.572,0.435
Congo (Brazzaville),africa,2021,4.921,8.082,0.568,56.85,0.738,-0.019,0.733,0.568,0.42
Congo (Brazzaville),africa,2022,5.805,8.077,0.646,57.175,0.698,0.028,0.76,0.583,0.477
Congo (Kinshasa),africa,2015,3.903,6.94,0.767,52.4,0.574,-0.046,0.866,0.538,0.301
Congo (Kinshasa),africa,2016,4.522,6.929,0.864,52.825,0.637,-0.023,0.875,0.61,0.222
Congo (Kinshasa),africa,2017,4.311,6.931,0.67,53.25,0.704,0.07,0.809,0.541,0.404
Congo (Kinshasa),africa,2022,3.207,7.007,0.654,55.375,0.664,0.086,0.836,0.563,0.461
Costa Rica,north america,2015,6.854,9.85,0.878,70,0.907,-0.066,0.761,0.811,0.286
Costa Rica,north america,2016,7.136,9.881,0.901,70,0.873,-0.04,0.781,0.83,0.281
Costa Rica,north america,2017,7.225,9.912,0.922,70,0.936,-0.084,0.742,0.791,0.275
Costa Rica,north america,2018,7.141,9.928,0.876,70,0.942,-0.114,0.781,0.802,0.326
Costa Rica,north america,2019,6.998,9.944,0.906,70,0.927,-0.154,0.836,0.791,0.303
Costa Rica,north america,2020,6.338,9.895,0.834,70,0.889,-0.136,0.772,0.759,0.35
Costa Rica,north america,2021,6.408,9.962,0.876,70,0.887,-0.027,0.782,0.774,0.318
Costa Rica,north america,2022,7.077,9.998,0.902,70,0.91,-0.047,0.751,0.793,0.272
Croatia,south europe,2015,5.205,10.124,0.768,67.9,0.694,-0.102,0.849,0.57,0.294
Croatia,south europe,2016,5.417,10.166,0.798,68.075,0.672,-0.07,0.884,0.569,0.337
Croatia,south europe,2017,5.343,10.211,0.77,68.25,0.716,-0.11,0.892,0.618,0.316
Croatia,south europe,2018,5.536,10.248,0.91,68.425,0.691,-0.156,0.925,0.512,0.29
Croatia,south europe,2019,5.626,10.287,0.936,68.6,0.739,-0.143,0.932,0.504,0.269
Croatia,south europe,2020,6.508,10.202,0.923,68.775,0.837,-0.069,0.961,0.681,0.286
Croatia,south europe,2021,6.287,10.362,0.918,68.95,0.842,0.003,0.934,0.64,0.274
Croatia,south europe,2022,5.579,10.458,0.91,69.125,0.593,-0.213,0.875,0.573,0.267
Cuba,north america,2006,5.418,,0.97,68,0.281,,,0.596,0.277
Cyprus,,2015,5.439,10.451,0.77,71.6,0.628,0.109,0.893,0.66,0.383
Cyprus,,2016,5.795,10.51,0.786,71.8,0.756,-0.035,0.898,0.631,0.336
Cyprus,,2017,6.062,10.556,0.819,72,0.812,0.038,0.851,0.67,0.301
Cyprus,,2018,6.276,10.599,0.826,72.2,0.794,-0.029,0.848,0.663,0.298
Cyprus,,2019,6.137,10.639,0.776,72.4,0.74,-0.016,0.865,0.663,0.29
Cyprus,,2020,6.26,10.583,0.806,72.6,0.763,-0.084,0.816,0.671,0.284
Cyprus,,2021,6.269,10.638,0.855,72.8,0.718,-0.036,0.876,0.641,0.275
Cyprus,,2022,5.865,,0.82,73,0.698,,0.887,0.659,0.297
Czechia,europe,2015,6.608,10.496,0.911,68.3,0.808,-0.15,0.886,0.689,0.206
Czechia,europe,2016,6.736,10.519,0.931,68.425,0.85,-0.202,0.9,0.71,0.201
Czechia,europe,2017,6.79,10.567,0.901,68.55,0.832,-0.181,0.867,0.672,0.227
Czechia,europe,2018,7.034,10.595,0.929,68.675,0.79,-0.297,0.851,0.674,0.178
Czechia,europe,2020,6.897,10.562,0.964,68.925,0.906,-0.133,0.884,0.748,0.29
Czechia,europe,2021,6.942,10.615,0.95,69.05,0.891,0.159,0.863,0.716,0.24
Czechia,europe,2022,6.695,10.656,0.944,69.175,0.908,0.094,0.831,0.743,0.246
Denmark,north europe,2015,7.514,10.876,0.96,70.5,0.941,0.218,0.191,0.801,0.218
Denmark,north europe,2016,7.558,10.9,0.954,70.625,0.948,0.134,0.21,0.786,0.208
Denmark,north europe,2017,7.594,10.922,0.952,70.75,0.955,0.151,0.181,0.779,0.206
Denmark,north europe,2018,7.649,10.936,0.958,70.875,0.935,0.013,0.151,0.773,0.206
Denmark,north europe,2019,7.693,10.948,0.958,71,0.963,0.016,0.174,0.797,0.181
Denmark,north europe,2020,7.515,10.924,0.947,71.125,0.938,0.047,0.214,0.753,0.227
Denmark,north europe,2021,7.699,10.968,0.945,71.25,0.933,0.131,0.173,0.792,0.206
Denmark,north europe,2022,7.545,10.994,0.97,71.375,0.93,0.224,0.203,0.787,0.205
Djibouti,africa,2008,5.009,8.115,0.69,53.64,0.773,0.126,0.576,0.74,0.12
Djibouti,africa,2009,4.906,8.014,0.901,54.12,0.649,-0.004,0.634,0.63,0.232
Djibouti,africa,2010,5.006,7.934,,54.6,0.764,-0.069,0.597,,
Djibouti,africa,2011,4.369,8.15,0.633,55.08,0.746,-0.079,0.519,0.543,0.181
Dominican Republic,north america,2015,5.062,9.625,0.893,63.2,0.856,-0.068,0.755,0.695,0.295
Dominican Republic,north america,2016,5.239,9.678,0.895,63.4,0.873,-0.083,0.737,0.725,0.278
Dominican Republic,north america,2017,5.605,9.713,0.894,63.6,0.855,-0.124,0.76,0.71,0.275
Dominican Republic,north america,2018,5.433,9.769,0.862,63.8,0.867,-0.153,0.762,0.719,0.291
Dominican Republic,north america,2019,6.004,9.808,0.884,64,0.877,-0.125,0.746,0.747,0.264
Dominican Republic,north america,2020,5.168,9.727,0.806,64.2,0.835,-0.126,0.636,0.724,0.314
Dominican Republic,north america,2021,6.031,9.832,0.857,64.4,0.859,-0.086,0.677,0.734,0.275
Dominican Republic,north america,2022,5.518,9.874,0.82,64.6,0.853,-0.084,0.656,0.723,0.306
Ecuador,south america,2015,5.964,9.385,0.856,67.5,0.801,-0.117,0.666,0.816,0.323
Ecuador,south america,2016,6.115,9.358,0.842,67.75,0.846,-0.019,0.774,0.807,0.365
Ecuador,south america,2017,5.84,9.366,0.849,68,0.879,-0.171,0.734,0.793,0.314
Ecuador,south america,2018,6.128,9.359,0.851,68.25,0.869,-0.103,0.831,0.817,0.328
Ecuador,south america,2019,5.809,9.341,0.808,68.5,0.83,-0.118,0.839,0.75,0.374
Ecuador,south america,2020,5.354,9.245,0.804,68.75,0.829,-0.16,0.855,0.755,0.416
Ecuador,south america,2021,5.435,9.275,0.786,69,0.821,-0.083,0.775,0.742,0.403
Ecuador,south america,2022,5.887,9.29,0.825,69.25,0.759,-0.08,0.866,0.777,0.356
Egypt,south asia,2015,4.763,9.21,0.73,62,0.659,-0.088,0.684,0.554,0.344
Egypt,south asia,2016,4.557,9.232,0.809,62.25,0.656,-0.141,0.818,0.538,0.37
Egypt,south asia,2017,3.929,9.253,0.638,62.5,0.593,-0.152,,0.458,0.414
Egypt,south asia,2018,4.005,9.286,0.759,62.75,0.682,-0.215,,0.407,0.285
Egypt,south asia,2019,4.328,9.322,0.772,63,0.774,-0.198,,0.42,0.313
Egypt,south asia,2020,4.472,9.34,0.673,63.25,0.77,-0.112,,0.543,0.442
Egypt,south asia,2021,4.026,9.356,0.717,63.5,0.704,-0.226,0.58,0.387,0.325
Egypt,south asia,2022,4.024,9.404,0.769,63.75,0.733,-0.208,,0.486,0.307
El Salvador,north america,2015,6.018,9.02,0.791,63.5,0.733,-0.16,0.805,0.816,0.333
El Salvador,north america,2016,6.14,9.042,0.794,63.85,0.8,-0.189,0.797,0.742,0.346
El Salvador,north america,2017,6.339,9.062,0.829,64.2,0.758,-0.176,0.778,0.8,0.268
El Salvador,north america,2018,6.241,9.084,0.82,64.55,0.863,-0.1,0.801,0.817,0.27
El Salvador,north america,2019,6.455,9.107,0.764,64.9,0.877,-0.114,0.682,0.826,0.271
El Salvador,north america,2020,5.462,9.02,0.696,65.25,0.924,-0.129,0.583,0.811,0.329
El Salvador,north america,2021,6.431,9.114,0.796,65.6,0.915,-0.081,0.663,0.826,0.29
El Salvador,north america,2022,6.492,9.135,0.772,65.95,0.914,-0.112,0.621,0.823,0.296
Estonia,europe,2015,5.629,10.343,0.918,68.3,0.815,-0.167,0.569,0.649,0.183
Estonia,europe,2016,5.65,10.374,0.938,68.525,0.843,-0.153,0.639,0.657,0.177
Estonia,europe,2017,5.938,10.429,0.936,68.75,0.862,-0.105,0.668,0.74,0.16
Estonia,europe,2018,6.091,10.463,0.933,68.975,0.886,-0.145,0.621,0.73,0.163
Estonia,europe,2019,6.035,10.496,0.934,69.2,0.887,-0.099,0.576,0.738,0.156
Estonia,europe,2020,6.453,10.488,0.958,69.425,0.954,-0.088,0.398,0.762,0.188
Estonia,europe,2021,6.554,10.564,0.946,69.65,0.926,0.047,0.441,0.761,0.176
Estonia,europe,2022,6.357,10.571,0.933,69.875,0.904,0.136,0.39,0.767,0.187
Eswatini,south africa,2011,4.867,8.902,0.837,42.5,0.607,-0.067,0.917,0.756,0.251
Eswatini,south africa,2018,4.212,9.029,0.779,49.3,0.71,-0.179,0.692,0.739,0.252
Eswatini,south africa,2019,4.396,9.048,0.759,50.1,0.597,-0.192,0.724,0.726,0.28
Ethiopia,africa,2015,4.573,7.468,0.626,58.3,0.803,0.112,0.567,0.623,0.237
Ethiopia,africa,2016,4.298,7.531,0.719,58.7,0.744,0.038,0.703,0.627,0.254
Ethiopia,africa,2017,4.18,7.595,0.734,59.1,0.717,0.001,0.757,0.514,0.304
Ethiopia,africa,2018,4.379,7.634,0.74,59.5,0.74,0.039,0.799,0.562,0.272
Ethiopia,africa,2019,4.1,7.688,0.748,59.9,0.754,0.052,0.732,0.519,0.283
Ethiopia,africa,2020,4.549,7.72,0.823,60.3,0.769,0.186,0.784,0.615,0.252
Ethiopia,africa,2022,3.628,7.757,0.74,61.1,0.674,0.361,0.793,0.56,0.335
Finland,north europe,2015,7.448,10.716,0.948,70.7,0.93,0.107,0.223,0.736,0.191
Finland,north europe,2016,7.66,10.741,0.954,70.775,0.948,-0.031,0.25,0.769,0.182
Finland,north europe,2017,7.788,10.77,0.964,70.85,0.962,-0.007,0.192,0.756,0.176
Finland,north europe,2018,7.858,10.78,0.962,70.925,0.938,-0.131,0.199,0.749,0.182
Finland,north europe,2019,7.78,10.791,0.937,71,0.948,-0.056,0.195,0.732,0.181
Finland,north europe,2020,7.889,10.767,0.962,71.075,0.962,-0.121,0.164,0.748,0.193
Finland,north europe,2021,7.794,10.795,0.97,71.15,0.963,-0.037,0.192,0.752,0.175
Finland,north europe,2022,7.729,10.814,0.974,71.225,0.959,0.102,0.19,0.741,0.191
France,west europe,2015,6.358,10.677,0.896,71.7,0.817,-0.143,0.641,0.74,0.215
France,west europe,2016,6.475,10.685,0.885,71.8,0.787,-0.095,0.623,0.715,0.27
France,west europe,2017,6.635,10.705,0.931,71.9,0.834,-0.127,0.601,0.716,0.242
France,west europe,2018,6.666,10.72,0.921,72,0.816,-0.142,0.582,0.705,0.282
France,west europe,2019,6.69,10.735,0.958,72.1,0.827,-0.137,0.568,0.693,0.25
France,west europe,2020,6.714,10.651,0.947,72.2,0.823,-0.174,0.565,0.69,0.231
France,west europe,2021,6.656,10.714,0.915,72.3,0.837,-0.102,0.561,0.685,0.268
France,west europe,2022,6.614,10.737,0.866,72.4,0.798,-0.025,0.533,0.688,0.249
Gabon,africa,2015,4.661,9.609,0.756,56.3,0.671,-0.194,0.867,0.6,0.372
Gabon,africa,2016,4.832,9.601,0.78,56.625,0.699,-0.205,0.817,0.625,0.432
Gabon,africa,2017,4.782,9.58,0.807,56.95,0.652,-0.229,0.868,0.638,0.446
Gabon,africa,2018,4.783,9.565,0.785,57.275,0.719,-0.198,0.823,0.614,0.418
Gabon,africa,2019,4.914,9.58,0.763,57.6,0.736,-0.204,0.846,0.638,0.413
Gabon,africa,2020,4.887,9.54,0.701,57.925,0.528,-0.192,0.789,0.568,0.416
Gabon,africa,2021,5.075,9.533,0.754,58.25,0.699,-0.205,0.766,0.62,0.362
Gabon,africa,2022,5.14,9.539,0.775,58.575,0.699,-0.164,0.803,0.661,0.414
Gambia,west africa,2017,4.118,7.564,0.697,56.4,0.812,0.115,0.572,0.77,0.277
Gambia,west africa,2018,4.922,7.607,0.685,56.7,0.719,0.443,0.691,0.759,0.379
Gambia,west africa,2019,5.164,7.642,0.694,57,0.677,0.413,0.798,0.718,0.401
Gambia,west africa,2022,4.279,7.648,0.588,57.9,0.599,0.364,0.884,0.722,0.438
Georgia,east europe,2015,4.122,9.442,0.517,64.2,0.64,-0.208,0.502,0.448,0.233
Georgia,east europe,2016,4.448,9.47,0.533,64.325,0.606,-0.252,0.561,0.475,0.223
Georgia,east europe,2017,4.451,9.517,0.59,64.45,0.821,-0.247,0.59,0.496,0.21
Georgia,east europe,2018,4.659,9.565,0.617,64.575,0.775,-0.236,0.755,0.479,0.244
Georgia,east europe,2019,4.892,9.615,0.675,64.7,0.811,-0.263,0.647,0.503,0.244
Georgia,east europe,2020,5.123,9.544,0.718,64.825,0.764,-0.223,0.583,0.573,0.295
Georgia,east europe,2021,4.911,9.648,0.671,64.95,0.777,-0.287,0.723,0.51,0.24
Georgia,east europe,2022,5.293,9.746,0.754,65.075,0.821,-0.253,0.655,0.503,0.233
Germany,europe,2015,7.037,10.843,0.926,70.1,0.889,0.173,0.412,0.722,0.203
Germany,europe,2016,6.874,10.857,0.906,70.3,0.871,0.144,0.446,0.709,0.187
Germany,europe,2017,7.074,10.879,0.892,70.5,0.841,0.141,0.414,0.707,0.196
Germany,europe,2018,7.118,10.886,0.92,70.7,0.877,0.03,0.496,0.74,0.243
Germany,europe,2019,7.035,10.894,0.886,70.9,0.885,0.053,0.462,0.712,0.226
Germany,europe,2020,7.312,10.856,0.905,71.1,0.864,-0.066,0.424,0.698,0.206
Germany,europe,2021,6.755,10.881,0.868,71.3,0.778,0.075,0.418,0.703,0.251
Germany,europe,2022,6.608,10.899,0.916,71.5,0.895,0.081,0.417,0.668,0.201
Ghana,west africa,2015,3.986,8.437,0.687,56.5,0.852,-0.04,0.945,0.675,0.265
Ghana,west africa,2016,4.514,8.447,0.647,56.875,0.751,0.088,0.894,0.659,0.305
Ghana,west africa,2017,5.481,8.503,0.669,57.25,0.783,0.077,0.839,0.715,0.248
Ghana,west africa,2018,5.004,8.542,0.761,57.625,0.817,0.061,0.846,0.716,0.25
Ghana,west africa,2019,4.967,8.584,0.746,58,0.787,0.114,0.857,0.645,0.27
Ghana,west africa,2020,5.319,8.569,0.643,58.375,0.824,0.199,0.847,0.675,0.253
Ghana,west africa,2021,4.378,8.601,0.633,58.75,0.73,0.108,0.888,0.588,0.295
Ghana,west africa,2022,4.191,8.615,0.628,59.125,0.786,0.117,0.909,0.62,0.292
Greece,south europe,2015,5.623,10.249,0.835,70.4,0.532,-0.275,0.824,0.637,0.277
Greece,south europe,2016,5.303,10.248,0.803,70.525,0.482,-0.263,0.898,0.594,0.336
Greece,south europe,2017,5.148,10.261,0.753,70.65,0.438,-0.293,0.872,0.516,0.333
Greece,south europe,2018,5.409,10.28,0.794,70.775,0.564,-0.338,0.86,0.564,0.255
Greece,south europe,2019,5.952,10.3,0.891,70.9,0.614,-0.291,0.848,0.56,0.236
Greece,south europe,2020,5.788,10.207,0.779,71.025,0.565,-0.244,0.764,0.629,0.322
Greece,south europe,2021,6.104,10.294,0.85,71.15,0.574,-0.159,0.752,0.624,0.311
Greece,south europe,2022,5.9,10.364,0.875,71.275,0.563,-0.316,0.874,0.589,0.183
Guatemala,north america,2015,6.465,9.003,0.823,61.5,0.869,0.049,0.822,0.826,0.311
Guatemala,north america,2016,6.359,9.013,0.811,61.7,0.863,0.009,0.812,0.815,0.321
Guatemala,north america,2017,6.325,9.027,0.826,61.9,0.915,-0.061,0.8,0.819,0.308
Guatemala,north america,2018,6.627,9.044,0.841,62.1,0.91,-0.013,0.765,0.827,0.262
Guatemala,north america,2019,6.262,9.068,0.774,62.3,0.901,-0.065,0.773,0.82,0.311
Guatemala,north america,2022,6.15,9.116,0.806,62.9,0.856,-0.057,0.835,0.835,0.263
Guinea,west africa,2015,3.505,7.627,0.579,51.5,0.666,0.006,0.762,0.658,0.268
Guinea,west africa,2016,3.603,7.704,0.675,51.95,0.726,-0.057,0.803,0.676,0.374
Guinea,west africa,2017,4.874,7.776,0.634,52.4,0.738,0.037,0.75,0.702,0.422
Guinea,west africa,2018,5.252,7.813,0.63,52.85,0.731,0.091,0.778,0.727,0.44
Guinea,west africa,2019,4.768,7.842,0.655,53.3,0.691,0.096,0.756,0.67,0.473
Guinea,west africa,2020,4.972,7.865,0.732,53.75,0.598,0.078,0.79,0.706,0.346
Guinea,west africa,2021,4.945,7.879,0.627,54.2,0.676,0.16,0.784,0.672,0.45
Guinea,west africa,2022,5.317,7.9,0.582,54.65,0.729,0.139,0.77,0.699,0.492
Guyana,south america,2007,5.993,9.089,0.849,56.24,0.694,0.085,0.836,0.761,0.296
Haiti,north america,2015,3.57,8.052,0.564,54.6,0.398,0.263,0.777,0.598,0.333
Haiti,north america,2016,3.352,8.056,0.584,54.9,0.304,0.248,0.839,0.532,0.367
Haiti,north america,2017,3.824,8.067,0.647,55.2,0.484,0.337,0.647,0.57,0.322
Haiti,north america,2018,3.615,8.07,0.538,55.5,0.591,0.377,0.72,0.581,0.359
Honduras,north america,2015,4.845,8.553,0.772,61.3,0.534,-0.098,0.848,0.829,0.311
Honduras,north america,2016,5.648,8.573,0.774,61.725,0.85,0.079,0.793,0.79,0.297
Honduras,north america,2017,6.02,8.603,0.843,62.15,0.898,0.071,0.783,0.796,0.248
Honduras,north america,2018,5.908,8.624,0.827,62.575,0.872,0.098,0.804,0.822,0.287
Honduras,north america,2019,5.93,8.633,0.797,63,0.846,0.062,0.815,0.789,0.279
Honduras,north america,2021,6.114,8.626,0.806,63.85,0.835,0.114,0.847,0.808,0.269
Honduras,north america,2022,5.932,8.645,0.729,64.275,0.851,0.081,0.834,0.775,0.289
Hong Kong S.A.R. of China,east asia,2016,5.498,10.97,0.832,,0.8,0.096,0.403,0.569,0.213
Hong Kong S.A.R. of China,east asia,2017,5.362,10.999,0.831,,0.831,0.136,0.416,0.536,0.201
Hong Kong S.A.R. of China,east asia,2019,5.659,10.995,0.856,,0.727,0.063,0.432,0.519,0.358
Hong Kong S.A.R. of China,east asia,2020,5.295,10.931,0.813,,0.705,-0.074,0.38,0.522,0.21
Hong Kong S.A.R. of China,east asia,2021,5.322,11.002,0.821,,0.669,0.022,0.39,0.534,0.224
Hungary,europe,2015,5.344,10.223,0.859,66.6,0.558,-0.202,0.908,0.65,0.245
Hungary,europe,2016,5.449,10.248,0.9,66.75,0.554,-0.191,0.924,0.59,0.243
Hungary,europe,2017,6.065,10.292,0.877,66.9,0.661,-0.143,0.886,0.644,0.181
Hungary,europe,2018,5.936,10.346,0.941,67.05,0.693,-0.247,0.911,0.595,0.201
Hungary,europe,2019,6,10.394,0.947,67.2,0.798,-0.199,0.884,0.653,0.18
Hungary,europe,2020,6.038,10.349,0.943,67.35,0.771,-0.125,0.836,0.662,0.24
Hungary,europe,2021,6.227,10.422,0.948,67.5,0.727,-0.044,0.832,0.668,0.192
Hungary,europe,2022,5.861,10.484,0.937,67.65,0.776,-0.008,0.848,0.628,0.25
Iceland,europe,2015,7.498,10.862,0.98,71.9,0.94,0.296,0.639,0.794,0.18
Iceland,europe,2016,7.51,10.909,0.985,71.925,0.952,0.276,0.719,0.808,0.158
Iceland,europe,2017,7.476,10.927,0.967,71.95,0.939,0.241,0.727,0.823,0.148
Iceland,europe,2019,7.533,10.949,0.982,72,0.959,,0.699,0.787,0.178
Iceland,europe,2020,7.575,10.862,0.983,72.025,0.949,0.153,0.644,0.808,0.172
Iceland,europe,2021,7.565,10.889,0.98,72.05,0.923,0.258,0.664,0.806,0.159
Iceland,europe,2022,7.449,10.935,0.985,72.075,0.936,0.222,0.692,0.768,0.178
India,south asia,2015,4.342,8.596,0.61,59.1,0.777,-0.007,0.776,0.657,0.322
India,south asia,2016,4.179,8.664,0.614,59.4,0.82,0.044,0.765,0.646,0.346
India,south asia,2017,4.046,8.718,0.607,59.7,0.886,-0.044,0.781,0.579,0.318
India,south asia,2018,3.818,8.77,0.638,60,0.89,0.083,0.805,0.591,0.357
India,south asia,2019,3.249,8.796,0.561,60.3,0.876,0.111,0.752,0.56,0.466
India,south asia,2020,4.224,8.718,0.616,60.6,0.906,0.071,0.78,0.686,0.383
India,south asia,2021,3.558,8.794,0.57,60.9,0.866,0.056,0.757,0.547,0.429
India,south asia,2022,3.93,8.85,0.608,61.2,0.893,0.09,0.771,0.596,0.432
Indonesia,south asia,2015,5.043,9.222,0.809,62.3,0.779,0.469,0.946,0.796,0.274
Indonesia,south asia,2016,5.136,9.261,0.792,62.425,0.83,0.497,0.89,0.748,0.342
Indonesia,south asia,2017,5.098,9.3,0.796,62.55,0.865,0.485,0.9,0.781,0.319
Indonesia,south asia,2018,5.34,9.341,0.809,62.675,0.879,0.509,0.868,0.796,0.296
Indonesia,south asia,2019,5.347,9.381,0.802,62.8,0.866,0.552,0.861,0.8,0.302
Indonesia,south asia,2020,4.828,9.351,0.751,62.925,0.853,0.532,0.914,0.742,0.351
Indonesia,south asia,2021,5.433,9.381,0.817,63.05,0.885,0.543,0.845,0.799,0.273
Indonesia,south asia,2022,5.585,9.425,0.834,63.175,0.903,0.519,0.862,0.818,0.269
Iran,west asia,2015,4.75,9.548,0.572,65.7,0.78,0.166,0.699,0.548,0.52
Iran,west asia,2016,4.653,9.614,0.566,65.85,0.773,0.179,0.713,0.592,0.526
Iran,west asia,2017,4.717,9.627,0.714,66,0.731,0.212,0.715,0.59,0.439
Iran,west asia,2018,4.278,9.591,0.674,66.15,0.603,0.075,0.703,0.482,0.493
Iran,west asia,2019,5.006,9.553,0.698,66.3,0.623,0.131,0.728,0.525,0.449
Iran,west asia,2020,4.865,9.577,0.757,66.45,0.6,0.133,0.71,0.505,0.47
Iran,west asia,2021,4.788,9.616,0.771,66.6,0.609,0.174,0.761,0.518,0.427
Iran,west asia,2022,4.977,9.638,0.8,66.75,0.57,0.212,0.766,0.521,0.466
Iraq,west asia,2015,4.493,9.145,0.684,60.8,0.599,0.023,0.762,0.478,0.581
Iraq,west asia,2016,4.413,9.25,0.719,61.275,0.666,-0.048,0.799,0.471,0.57
Iraq,west asia,2017,4.462,9.208,0.695,61.75,0.628,0.003,0.757,0.487,0.591
Iraq,west asia,2018,4.886,9.21,0.764,62.225,0.598,-0.067,0.887,0.552,0.482
Iraq,west asia,2020,4.785,9.096,0.708,63.175,0.7,-0.019,0.849,0.585,0.532
Iraq,west asia,2021,5.094,9.101,0.73,63.65,0.594,0.007,0.901,0.577,0.474
Ireland,europe,2015,6.83,11.177,0.953,70.7,0.892,0.228,0.409,0.748,0.225
Ireland,europe,2016,7.041,11.186,0.958,70.8,0.875,0.171,0.399,0.744,0.211
Ireland,europe,2017,7.06,11.261,0.943,70.9,0.905,0.212,0.337,0.771,0.213
Ireland,europe,2018,6.962,11.331,0.938,71,0.861,0.14,0.362,0.754,0.213
Ireland,europe,2019,7.255,11.37,0.944,71.1,0.892,0.069,0.373,0.758,0.223
Ireland,europe,2020,7.035,11.42,0.96,71.2,0.882,0.002,0.356,0.753,0.246
Ireland,europe,2021,6.828,11.538,0.85,71.3,0.846,0.133,0.36,0.733,0.245
Ireland,europe,2022,6.87,11.625,0.906,71.4,0.895,0.14,0.358,0.738,0.234
Israel,west asia,2015,7.079,10.527,0.864,71.8,0.753,0.105,0.789,0.652,0.256
Israel,west asia,2016,7.159,10.552,0.89,71.95,0.772,0.149,0.804,0.602,0.263
Israel,west asia,2017,7.331,10.574,0.916,72.1,0.768,0.141,0.793,0.621,0.276
Israel,west asia,2018,6.927,10.595,0.91,72.25,0.725,0.05,0.77,0.612,0.282
Israel,west asia,2019,7.332,10.617,0.946,72.4,0.834,0.08,0.743,0.598,0.266
Israel,west asia,2020,7.195,10.58,0.959,72.55,0.831,-0.057,0.748,0.564,0.243
Israel,west asia,2021,7.578,10.647,0.917,72.7,0.82,-0.006,0.726,0.558,0.217
Israel,west asia,2022,7.662,10.692,0.954,72.85,0.775,-0.005,0.655,0.583,0.183
Italy,europe,2015,5.848,10.603,0.909,71.6,0.575,-0.068,0.913,0.646,0.329
Italy,europe,2016,5.955,10.617,0.927,71.675,0.624,-0.084,0.903,0.632,0.339
Italy,europe,2017,6.199,10.635,0.92,71.75,0.633,-0.039,0.867,0.613,0.323
Italy,europe,2018,6.517,10.647,0.913,71.825,0.65,-0.025,0.888,0.598,0.403
Italy,europe,2019,6.445,10.663,0.838,71.9,0.709,-0.086,0.866,0.569,0.328
Italy,europe,2020,6.488,10.573,0.89,71.975,0.718,-0.155,0.844,0.614,0.311
Italy,europe,2021,6.467,10.644,0.886,72.05,0.703,-0.094,0.862,0.634,0.318
Italy,europe,2022,6.258,10.685,0.869,72.125,0.711,0.028,0.819,0.624,0.298
Ivory Coast,west africa,2015,4.445,8.377,0.704,52.5,0.8,-0.055,0.744,0.614,0.347
Ivory Coast,west africa,2016,4.543,8.421,0.617,53.075,0.769,-0.044,0.757,0.693,0.378
Ivory Coast,west africa,2017,5.038,8.466,0.661,53.65,0.732,-0.112,0.771,0.662,0.357
Ivory Coast,west africa,2018,5.268,8.507,0.621,54.225,0.713,-0.051,0.791,0.659,0.386
Ivory Coast,west africa,2019,5.392,8.542,0.679,54.8,0.736,-0.018,0.799,0.663,0.425
Ivory Coast,west africa,2020,5.257,8.537,0.613,55.375,0.77,0.015,0.777,0.655,0.34
Ivory Coast,west africa,2021,5.056,8.58,0.554,55.95,0.717,-0.002,0.716,0.626,0.345
Ivory Coast,west africa,2022,4.849,8.612,0.536,56.525,0.713,-0.005,0.743,0.629,0.399
Jamaica,north america,2017,5.89,9.209,0.913,66.6,0.861,-0.135,0.883,0.7,0.243
Jamaica,north america,2019,6.309,9.234,0.878,66.6,0.891,-0.143,0.885,0.722,0.195
Jamaica,north america,2020,5.425,9.127,0.87,66.6,0.865,-0.15,0.836,0.712,0.266
Jamaica,north america,2021,5.814,9.169,0.857,66.6,0.731,-0.082,0.883,0.689,0.308
Jamaica,north america,2022,5.87,9.198,0.868,66.6,0.874,-0.088,0.91,0.718,0.269
Japan,east asia,2015,5.88,10.607,0.923,73.6,0.832,-0.161,0.654,0.702,0.176
Japan,east asia,2016,5.955,10.615,0.9,73.725,0.836,-0.068,0.698,0.69,0.192
Japan,east asia,2017,5.911,10.632,0.882,73.85,0.849,-0.211,0.659,0.692,0.176
Japan,east asia,2018,5.794,10.639,0.886,73.975,0.773,-0.267,0.687,0.649,0.185
Japan,east asia,2019,5.908,10.638,0.878,74.1,0.806,-0.259,0.617,0.693,0.194
Japan,east asia,2020,6.118,10.595,0.887,74.225,0.806,-0.264,0.609,0.681,0.186
Japan,east asia,2021,6.091,10.616,0.896,74.35,0.801,-0.211,0.67,0.674,0.189
Japan,east asia,2022,6.178,10.636,0.899,74.475,0.789,-0.235,0.643,0.67,0.165
Jordan,west asia,2015,5.405,9.202,0.83,67.6,0.767,-0.048,,0.617,0.305
Jordan,west asia,2016,5.271,9.173,0.82,67.6,0.771,-0.039,,0.598,0.312
Jordan,west asia,2017,4.808,9.173,0.815,67.6,0.766,-0.153,,0.554,0.392
Jordan,west asia,2018,4.639,9.168,0.8,67.6,0.762,-0.187,,,
Jordan,west asia,2019,4.453,9.164,0.793,67.6,0.726,-0.165,,,
Jordan,west asia,2020,4.094,9.127,0.709,67.6,0.779,-0.151,,,
Jordan,west asia,2021,3.909,9.129,0.703,67.6,0.773,-0.146,0.656,0.48,0.429
Jordan,west asia,2022,4.356,9.134,0.774,67.6,0.759,-0.153,0.715,0.521,0.435
Kazakhstan,asia,2015,5.95,10.098,0.931,63.4,0.74,-0.041,0.714,0.682,0.174
Kazakhstan,asia,2016,5.534,10.095,0.928,63.8,0.783,-0.04,0.702,0.641,0.155
Kazakhstan,asia,2017,5.882,10.121,0.914,64.2,0.745,-0.039,0.755,0.698,0.171
Kazakhstan,asia,2018,6.008,10.148,0.937,64.6,0.84,-0.102,0.824,0.611,0.162
Kazakhstan,asia,2019,6.272,10.179,0.951,65,0.852,-0.059,0.708,0.711,0.139
Kazakhstan,asia,2020,6.168,10.141,0.966,65.4,0.872,-0.06,0.661,0.62,0.15
Kazakhstan,asia,2021,6.26,10.17,0.906,65.8,0.807,0.036,0.782,0.663,0.122
Kazakhstan,asia,2022,6.006,10.187,0.923,66.2,0.883,0.022,0.72,0.652,0.132
Kenya,east africa,2015,4.358,8.334,0.777,56.1,0.793,0.212,0.853,0.673,0.172
Kenya,east africa,2016,4.396,8.353,0.706,56.5,0.749,0.291,0.828,0.73,0.226
Kenya,east africa,2017,4.476,8.369,0.715,56.9,0.853,0.228,0.854,0.754,0.23
Kenya,east africa,2018,4.656,8.404,0.707,57.3,0.821,0.285,0.844,0.747,0.237
Kenya,east africa,2019,4.619,8.434,0.676,57.7,0.818,0.303,0.794,0.728,0.251
Kenya,east africa,2020,4.547,8.411,0.674,58.1,0.702,0.254,0.837,0.738,0.297
Kenya,east africa,2021,4.465,8.465,0.702,58.5,0.678,0.316,0.841,0.745,0.253
Kenya,east africa,2022,4.448,8.499,0.691,58.9,0.706,0.294,0.878,0.725,0.281
Kosovo,south europe,2015,5.077,9.153,0.805,,0.561,0.18,0.851,0.685,0.18
Kosovo,south europe,2016,5.759,9.213,0.824,,0.827,0.123,0.941,0.588,0.15
Kosovo,south europe,2017,6.149,9.253,0.792,,0.858,0.115,0.925,0.617,0.186
Kosovo,south europe,2018,6.392,9.283,0.822,,0.89,0.267,0.922,0.642,0.17
Kosovo,south europe,2019,6.425,9.334,0.843,,0.841,0.244,0.92,0.612,0.141
Kosovo,south europe,2020,6.294,9.279,0.792,,0.88,0.304,0.91,0.593,0.201
Kosovo,south europe,2021,6.648,9.383,0.849,,0.84,0.261,0.842,0.578,0.116
Kosovo,south europe,2022,6.16,9.416,0.888,,0.865,0.211,0.846,0.549,0.142
Kuwait,south asia,2015,6.146,10.893,0.823,70.2,0.822,0.079,,0.678,0.324
Kuwait,south asia,2016,5.947,10.887,0.845,70.175,0.841,-0.078,,0.643,0.315
Kuwait,south asia,2017,6.094,10.82,0.853,70.15,0.884,-0.008,,0.649,0.307
Kuwait,south asia,2019,6.106,10.765,0.842,70.1,0.867,-0.105,,0.643,0.303
Kyrgyzstan,north asia,2015,4.905,8.477,0.857,63.7,0.813,0.197,0.858,0.658,0.173
Kyrgyzstan,north asia,2016,4.857,8.5,0.914,64.225,0.814,0.054,0.917,0.668,0.126
Kyrgyzstan,north asia,2017,5.63,8.526,0.883,64.75,0.859,0.141,0.874,0.64,0.16
Kyrgyzstan,north asia,2018,5.297,8.543,0.898,65.275,0.945,0.265,0.907,0.617,0.203
Kyrgyzstan,north asia,2019,5.685,8.568,0.877,65.8,0.92,-0.005,0.885,0.625,0.207
Kyrgyzstan,north asia,2020,6.25,8.461,0.902,66.325,0.935,0.104,0.931,0.672,0.258
Kyrgyzstan,north asia,2021,5.564,8.479,0.904,66.85,0.918,0.203,0.903,0.66,0.226
Kyrgyzstan,north asia,2022,5.668,8.517,0.927,67.375,0.948,0.236,0.876,0.646,0.204
Laos,south asia,2017,4.623,8.883,0.707,59.9,0.891,0.071,0.592,0.712,0.344
Laos,south asia,2018,4.859,8.929,0.705,60.2,0.907,0.139,0.634,0.711,0.332
Laos,south asia,2019,5.197,8.967,0.729,60.5,0.906,0.058,0.62,0.718,0.306
Laos,south asia,2020,5.284,8.957,0.66,60.8,0.915,0.139,0.748,0.714,0.358
Laos,south asia,2021,4.927,8.968,0.65,61.1,0.927,0.04,0.668,0.702,0.292
Latvia,north europe,2015,5.881,10.19,0.879,65.8,0.656,-0.082,0.808,0.559,0.228
Latvia,north europe,2016,5.94,10.222,0.917,65.9,0.685,-0.161,0.868,0.583,0.231
Latvia,north europe,2017,5.978,10.264,0.895,66,0.7,-0.159,0.798,0.565,0.232
Latvia,north europe,2018,5.901,10.311,0.913,66.1,0.608,-0.216,0.799,0.521,0.192
Latvia,north europe,2019,5.97,10.343,0.936,66.2,0.698,-0.198,0.789,0.537,0.212
Latvia,north europe,2020,6.229,10.328,0.928,66.3,0.82,-0.084,0.809,0.674,0.202
Latvia,north europe,2021,6.353,10.376,0.954,66.4,0.815,-0.102,0.84,0.716,0.186
Latvia,north europe,2022,6.055,10.407,0.928,66.5,0.817,0.019,0.844,0.632,0.161
Lebanon,east asia,2015,5.172,9.718,0.742,65.7,0.597,0.068,0.889,0.524,0.243
Lebanon,east asia,2016,5.271,9.755,0.828,65.775,0.657,0.023,0.853,0.513,0.263
Lebanon,east asia,2017,5.154,9.787,0.777,65.85,0.605,-0.085,0.911,0.469,0.244
Lebanon,east asia,2018,5.167,9.797,0.829,65.925,0.607,-0.079,0.907,0.415,0.271
Lebanon,east asia,2019,4.024,9.751,0.866,66,0.447,-0.096,0.89,0.308,0.494
Lebanon,east asia,2020,2.634,9.531,0.547,66.075,0.552,-0.136,0.884,0.352,0.482
Lebanon,east asia,2021,2.179,9.471,0.507,66.15,0.423,-0.161,0.905,0.263,0.569
Lebanon,east asia,2022,2.352,9.428,0.535,66.225,0.45,-0.126,0.883,0.298,0.43
Lesotho,south africa,2016,3.808,7.897,0.798,42.25,0.729,-0.097,0.743,0.685,0.27
Lesotho,south africa,2017,3.795,7.852,0.769,42.9,0.757,-0.141,0.797,0.706,0.255
Lesotho,south africa,2019,3.512,7.837,0.79,44.2,0.716,-0.126,0.915,0.707,0.273
Liberia,west africa,2015,2.702,7.366,0.638,52.5,0.671,-0.063,0.903,0.519,0.388
Liberia,west africa,2016,3.355,7.33,0.643,53.1,0.763,0.031,0.901,0.625,0.509
Liberia,west africa,2017,4.424,7.335,0.685,53.7,0.733,-0.014,0.867,0.674,0.391
Liberia,west africa,2018,4.135,7.328,0.727,54.3,0.766,0.047,0.868,0.664,0.436
Liberia,west africa,2019,5.121,7.283,0.712,54.9,0.706,0.048,0.828,0.645,0.389
Liberia,west africa,2022,4.042,7.277,0.597,56.7,0.732,0.154,0.828,0.637,0.439
Libya,north africa,2015,5.615,9.858,0.868,64.3,0.775,-0.087,,0.652,0.369
Libya,north africa,2016,5.434,9.828,0.876,64.525,0.822,-0.133,,0.645,0.383
Libya,north africa,2017,5.647,10.095,0.823,64.75,0.779,-0.066,0.673,0.643,0.379
Libya,north africa,2018,5.494,10.156,0.824,64.975,0.781,-0.143,0.646,0.635,0.399
Libya,north africa,2019,5.33,10.023,0.827,65.2,0.762,-0.105,0.686,0.629,0.401
Lithuania,north europe,2015,5.711,10.334,0.929,65.3,0.641,-0.257,0.924,0.534,0.276
Lithuania,north europe,2016,5.866,10.371,0.938,65.65,0.614,-0.27,0.949,0.553,0.25
Lithuania,north europe,2017,6.273,10.427,0.926,66,0.749,-0.177,0.79,0.59,0.195
Lithuania,north europe,2018,6.309,10.476,0.929,66.35,0.699,-0.241,0.852,0.518,0.214
Lithuania,north europe,2019,6.064,10.524,0.918,66.7,0.78,-0.256,0.783,0.568,0.276
Lithuania,north europe,2020,6.391,10.523,0.953,67.05,0.824,-0.127,0.829,0.626,0.202
Lithuania,north europe,2021,6.865,10.579,0.928,67.4,0.707,-0.119,0.878,0.667,0.191
Lithuania,north europe,2022,7.038,10.602,0.937,67.75,0.71,-0.191,0.685,0.471,0.132
Luxembourg,north europe,2015,6.702,11.637,0.934,71.5,0.932,0.046,0.375,0.728,0.193
Luxembourg,north europe,2016,6.967,11.664,0.941,71.525,0.882,0.012,0.356,0.706,0.192
Luxembourg,north europe,2017,7.061,11.653,0.905,71.55,0.903,0.038,0.33,0.726,0.184
Luxembourg,north europe,2018,7.243,11.645,0.902,71.575,0.884,-0.027,0.385,0.715,0.202
Luxembourg,north europe,2019,7.404,11.649,0.912,71.6,0.93,-0.05,0.39,0.742,0.212
Luxembourg,north europe,2022,7.228,11.66,0.878,71.675,0.915,0.024,0.345,0.718,0.218
Madagascar,south africa,2015,3.593,7.319,0.647,56.3,0.545,-0.04,0.861,0.674,0.226
Madagascar,south africa,2016,3.663,7.332,0.746,56.55,0.57,-0.069,0.864,0.67,0.204
Madagascar,south africa,2017,4.079,7.345,0.626,56.8,0.57,-0.033,0.847,0.701,0.375
Madagascar,south africa,2018,4.071,7.351,0.666,57.05,0.551,0.004,0.889,0.723,0.362
Madagascar,south africa,2019,4.339,7.369,0.701,57.3,0.55,-0.011,0.72,0.699,0.304
Madagascar,south africa,2022,4.019,7.29,0.642,58.05,0.523,0.075,0.74,0.687,0.345
Malawi,south africa,2015,3.868,7.273,0.494,54.9,0.801,0.033,0.835,0.602,0.26
Malawi,south africa,2016,3.476,7.27,0.524,55.45,0.81,0.04,0.824,0.584,0.325
Malawi,south africa,2017,3.417,7.283,0.555,56,0.848,-0.001,0.735,0.592,0.312
Malawi,south africa,2018,3.335,7.299,0.528,56.55,0.799,0.046,0.766,0.548,0.365
Malawi,south africa,2019,3.869,7.325,0.549,57.1,0.765,-0.023,0.68,0.517,0.348
Malawi,south africa,2021,3.635,7.307,0.558,58.2,0.757,-0.01,0.74,0.551,0.326
Malawi,south africa,2022,3.356,7.296,0.503,58.75,0.744,0.02,0.755,0.536,0.329
Malaysia,south asia,2015,6.322,10.092,0.818,65.8,0.675,0.22,0.838,0.733,0.314
Malaysia,south asia,2018,5.339,10.197,0.789,65.725,0.875,0.125,0.894,0.716,0.2
Malaysia,south asia,2019,5.428,10.228,0.842,65.7,0.916,0.121,0.782,0.735,0.176
Malaysia,south asia,2020,6.014,10.159,0.797,65.675,0.878,0.098,0.747,0.721,0.288
Malaysia,south asia,2021,6.01,10.179,0.794,65.65,0.878,0.22,0.769,0.728,0.183
Maldives,south asia,2018,5.198,9.893,0.913,69.775,0.855,0.016,,,
Mali,west africa,2015,4.582,7.631,0.83,53,0.634,-0.066,0.8,0.696,0.243
Mali,west africa,2016,4.016,7.655,0.836,53.4,0.696,-0.069,0.862,0.738,0.305
Mali,west africa,2017,4.742,7.675,0.741,53.8,0.753,-0.068,0.863,0.665,0.393
Mali,west africa,2018,4.416,7.69,0.692,54.2,0.737,-0.032,0.793,0.689,0.37
Mali,west africa,2019,4.988,7.705,0.755,54.6,0.67,-0.036,0.846,0.646,0.358
Mali,west africa,2020,4.269,7.661,0.568,55,0.645,-0.065,0.895,0.648,0.44
Mali,west africa,2021,4.113,7.659,0.573,55.4,0.673,0,0.902,0.64,0.438
Mali,west africa,2022,4.211,7.645,0.642,55.8,0.818,-0.019,0.746,0.655,0.408
Malta,south europe,2015,6.613,10.594,0.919,71.3,0.912,0.341,0.664,0.641,0.355
Malta,south europe,2016,6.591,10.605,0.93,71.35,0.916,0.341,0.696,0.645,0.355
Malta,south europe,2017,6.676,10.681,0.937,71.4,0.924,0.245,0.69,0.666,0.302
Malta,south europe,2018,6.91,10.706,0.932,71.45,0.927,0.172,0.595,0.666,0.296
Malta,south europe,2019,6.733,10.724,0.922,71.5,0.924,0.08,0.689,0.642,0.356
Malta,south europe,2020,6.157,10.615,0.938,71.55,0.931,-0.003,0.675,0.576,0.411
Malta,south europe,2021,6.444,10.707,0.897,71.6,0.889,0.242,0.753,0.635,0.375
Malta,south europe,2022,6.299,,0.932,71.65,0.838,,0.758,0.671,0.37
Mauritania,north africa,2015,3.923,8.547,0.875,58.9,0.447,0.053,0.715,0.798,0.194
Mauritania,north africa,2016,4.472,8.533,0.785,59.125,0.467,-0.178,0.842,0.71,0.222
Mauritania,north africa,2017,4.678,8.568,0.779,59.35,0.527,-0.158,0.777,0.631,0.272
Mauritania,north africa,2018,4.314,8.588,0.802,59.575,0.467,-0.119,0.711,0.665,0.276
Mauritania,north africa,2019,4.153,8.614,0.798,59.8,0.628,-0.108,0.743,0.686,0.26
Mauritania,north africa,2022,4.724,8.591,0.648,60.475,0.624,-0.013,0.657,0.631,0.389
Mauritius,africa indiana ocean,2016,5.61,9.968,0.836,63.975,0.819,0.134,0.891,0.706,0.246
Mauritius,africa indiana ocean,2017,6.174,10.006,0.91,63.95,0.912,0.081,0.818,0.682,0.169
Mauritius,africa indiana ocean,2018,5.882,10.044,0.909,63.925,0.867,-0.079,0.785,0.71,0.158
Mauritius,africa indiana ocean,2019,6.241,10.072,0.913,63.9,0.893,-0.059,0.81,0.735,0.149
Mauritius,africa indiana ocean,2020,6.015,9.915,0.893,63.875,0.843,-0.036,0.772,0.7,0.138
Mauritius,africa indiana ocean,2021,5.949,9.951,0.887,63.85,0.802,-0.011,0.784,0.666,0.136
Mauritius,africa indiana ocean,2022,5.741,10.007,0.887,63.825,0.798,-0.038,0.769,0.725,0.168
Mexico,north america,2015,6.236,9.88,0.761,65.8,0.719,-0.156,0.708,0.706,0.237
Mexico,north america,2016,6.824,9.895,0.893,65.8,0.752,-0.157,0.809,0.802,0.22
Mexico,north america,2017,6.41,9.905,0.8,65.8,0.861,-0.206,0.801,0.775,0.231
Mexico,north america,2018,6.55,9.917,0.858,65.8,0.816,-0.184,0.809,0.815,0.213
Mexico,north america,2019,6.432,9.907,0.852,65.8,0.903,-0.146,0.809,0.803,0.252
Mexico,north america,2020,5.964,9.816,0.779,65.8,0.873,-0.125,0.778,0.745,0.292
Mexico,north america,2021,5.991,9.857,0.779,65.8,0.837,-0.035,0.745,0.75,0.305
Mexico,north america,2022,7.038,9.876,0.858,65.8,0.861,-0.121,0.78,0.818,0.205
Moldova,east europe,2015,6.017,9.245,0.84,62.9,0.595,-0.093,0.943,0.556,0.281
Moldova,east europe,2016,5.578,9.3,0.837,63.3,0.557,-0.05,0.969,0.586,0.275
Moldova,east europe,2017,5.326,9.363,0.831,63.7,0.553,-0.056,0.926,0.563,0.259
Moldova,east europe,2018,5.682,9.423,0.892,64.1,0.824,-0.088,0.929,0.584,0.27
Moldova,east europe,2019,5.803,9.475,0.809,64.5,0.784,-0.096,0.884,0.6,0.262
Moldova,east europe,2020,5.812,9.409,0.874,64.9,0.859,-0.058,0.941,0.698,0.268
Moldova,east europe,2021,5.959,9.547,0.88,65.3,0.833,-0.096,0.875,0.63,0.27
Moldova,east europe,2022,5.687,9.54,0.817,65.7,0.829,-0.087,0.885,0.552,0.276
Mongolia,east asia,2015,4.983,9.318,0.906,59.9,0.686,0.169,0.9,0.533,0.208
Mongolia,east asia,2016,5.057,9.311,0.947,60,0.76,0.086,0.9,0.555,0.171
Mongolia,east asia,2017,5.334,9.344,0.924,60.1,0.675,0.115,0.865,0.552,0.214
Mongolia,east asia,2018,5.465,9.397,0.942,60.2,0.696,0.05,0.849,0.525,0.192
Mongolia,east asia,2019,5.563,9.43,0.946,60.3,0.711,0.145,0.873,0.562,0.167
Mongolia,east asia,2020,6.011,9.365,0.918,60.4,0.718,0.14,0.843,0.575,0.26
Mongolia,east asia,2021,5.721,9.365,0.927,60.5,0.667,0.217,0.851,0.56,0.202
Mongolia,east asia,2022,5.788,9.388,0.951,60.6,0.717,0.214,0.847,0.55,0.209
Montenegro,south europe,2015,5.125,9.813,0.74,66.6,0.583,-0.148,0.781,0.534,0.337
Montenegro,south europe,2016,5.304,9.842,0.866,66.7,0.569,-0.091,0.849,0.547,0.337
Montenegro,south europe,2017,5.615,9.888,0.881,66.8,0.626,-0.087,0.756,0.493,0.35
Montenegro,south europe,2018,5.65,9.937,0.856,66.9,0.626,-0.055,0.769,0.527,0.355
Montenegro,south europe,2019,5.386,9.978,0.832,67,0.694,-0.109,0.82,0.547,0.366
Montenegro,south europe,2020,5.722,9.813,0.887,67.1,0.802,0.063,0.845,0.56,0.411
Morocco,north africa,2015,5.163,8.947,0.606,63.3,0.713,-0.236,0.842,0.596,0.262
Morocco,north africa,2016,5.386,8.94,0.655,63.4,0.817,-0.245,0.717,0.658,0.205
Morocco,north africa,2017,5.312,8.977,0.641,63.5,0.814,-0.224,0.841,0.501,0.323
Morocco,north africa,2018,4.897,8.996,0.554,63.6,0.773,-0.243,0.843,0.575,0.416
Morocco,north africa,2019,5.057,9.014,0.535,63.7,0.757,-0.253,0.757,0.535,0.41
Morocco,north africa,2020,4.803,8.929,0.553,63.8,0.819,-0.235,0.803,0.548,0.256
Morocco,north africa,2021,5.326,8.994,0.505,63.9,0.762,-0.202,0.817,0.554,0.341
Morocco,north africa,2022,4.596,8.996,0.564,64,0.795,-0.254,0.802,0.573,0.414
Mozambique,south africa,2015,4.55,7.148,0.666,48.6,0.813,0.087,0.632,0.56,0.34
Mozambique,south africa,2017,4.28,7.16,0.678,49.5,0.823,-0.031,0.682,0.642,0.353
Mozambique,south africa,2018,4.654,7.165,0.738,49.95,0.897,0.047,0.691,0.62,0.397
Mozambique,south africa,2019,4.932,7.159,0.742,50.4,0.87,0.071,0.682,0.588,0.384
Mozambique,south africa,2021,5.178,7.112,0.664,51.3,0.838,0.046,0.627,0.576,0.383
Mozambique,south africa,2022,4.74,7.12,0.711,51.75,0.884,0.047,0.688,0.629,0.351
Myanmar,south asia,2015,4.224,8.229,0.752,59.6,0.808,0.695,0.633,0.729,0.272
Myanmar,south asia,2016,4.623,8.321,0.793,59.925,0.877,0.683,0.607,0.671,0.302
Myanmar,south asia,2017,4.154,8.369,0.795,60.25,0.886,0.654,0.619,0.617,0.282
Myanmar,south asia,2018,4.411,8.424,0.774,60.575,0.906,0.495,0.647,0.64,0.3
Myanmar,south asia,2019,4.434,8.483,0.763,60.9,0.899,0.563,0.682,0.638,0.286
Myanmar,south asia,2020,4.431,8.507,0.796,61.225,0.825,0.471,0.647,0.7,0.289
Myanmar,south asia,2021,4.314,8.302,0.78,61.55,0.631,0.511,0.671,0.636,0.268
Namibia,south africa,2017,4.441,9.243,0.828,55.35,0.81,-0.195,0.831,0.697,0.277
Namibia,south africa,2018,4.834,9.237,0.864,55.725,0.754,-0.174,0.846,0.696,0.24
Namibia,south africa,2019,4.436,9.211,0.845,56.1,0.739,-0.179,0.879,0.644,0.256
Namibia,south africa,2020,4.451,9.11,0.741,56.475,0.666,-0.107,0.81,0.652,0.248
Namibia,south africa,2021,4.491,9.12,0.808,56.85,0.659,-0.15,0.829,0.644,0.23
Namibia,south africa,2022,4.949,9.132,0.808,57.225,0.683,-0.12,0.849,0.676,0.261
Nepal,south asia,2015,4.812,8.089,0.748,60.2,0.763,0.217,0.824,0.444,0.358
Nepal,south asia,2016,5.1,8.085,0.837,60.475,0.839,0.158,0.817,0.523,0.37
Nepal,south asia,2017,4.737,8.159,0.816,60.75,0.845,0.123,0.77,0.463,0.376
Nepal,south asia,2018,4.91,8.221,0.768,61.025,0.77,0.11,0.742,0.457,0.387
Nepal,south asia,2019,5.449,8.274,0.772,61.3,0.79,0.155,0.712,0.444,0.357
Nepal,south asia,2020,5.982,8.233,0.787,61.575,0.772,0.138,0.812,0.48,0.337
Nepal,south asia,2021,4.622,8.251,0.699,61.85,0.818,0.147,0.77,0.414,0.354
Nepal,south asia,2022,5.474,8.285,0.753,62.125,0.844,0.153,0.76,0.473,0.342
Netherlands,west europe,2015,7.324,10.878,0.879,71.1,0.904,0.257,0.412,0.742,0.202
Netherlands,west europe,2016,7.541,10.894,0.926,71.175,0.907,0.235,0.433,0.737,0.215
Netherlands,west europe,2017,7.459,10.917,0.937,71.25,0.92,0.246,0.363,0.729,0.185
Netherlands,west europe,2018,7.463,10.934,0.939,71.325,0.92,0.158,0.371,0.748,0.205
Netherlands,west europe,2019,7.425,10.947,0.941,71.4,0.886,0.209,0.36,0.728,0.231
Netherlands,west europe,2020,7.504,10.902,0.944,71.475,0.935,0.147,0.281,0.691,0.247
Netherlands,west europe,2021,7.314,10.944,0.919,71.55,0.856,0.267,0.397,0.714,0.201
Netherlands,west europe,2022,7.39,10.981,0.929,71.625,0.868,0.224,0.459,0.711,0.198
New Zealand,oceania,2015,7.418,10.622,0.987,69.9,0.942,0.324,0.186,0.795,0.16
New Zealand,oceania,2016,7.226,10.636,0.937,69.975,0.927,0.261,0.278,0.777,0.207
New Zealand,oceania,2017,7.327,10.651,0.955,70.05,0.942,0.289,0.222,0.763,0.172
New Zealand,oceania,2018,7.37,10.666,0.954,70.125,0.949,0.115,0.207,0.785,0.168
New Zealand,oceania,2019,7.205,10.672,0.939,70.2,0.912,0.152,0.234,0.765,0.191
New Zealand,oceania,2020,7.257,10.637,0.952,70.275,0.918,0.118,0.283,0.796,0.209
New Zealand,oceania,2021,7.137,10.667,0.95,70.35,0.91,0.219,0.252,0.747,0.206
New Zealand,oceania,2022,6.975,10.682,0.956,70.425,0.831,0.187,0.281,0.706,0.21
Nicaragua,north america,2015,5.924,8.624,0.827,65.2,0.809,0.076,0.728,0.771,0.346
Nicaragua,north america,2016,6.013,8.654,0.853,65.275,0.717,0.038,0.731,0.787,0.38
Nicaragua,north america,2017,6.476,8.685,0.838,65.35,0.922,0.009,0.673,0.793,0.308
Nicaragua,north america,2018,5.819,8.637,0.854,65.425,0.797,0.007,0.713,0.743,0.408
Nicaragua,north america,2019,6.113,8.585,0.874,65.5,0.883,0.028,0.622,0.79,0.337
Nicaragua,north america,2020,6.287,8.553,0.856,65.575,0.818,0.04,0.631,0.775,0.316
Nicaragua,north america,2021,6.095,8.637,0.848,65.65,0.905,0.023,0.675,0.799,0.293
Nicaragua,north america,2022,6.392,8.664,0.844,65.725,0.914,-0.001,0.57,0.787,0.339
Niger,west africa,2015,3.671,7.025,0.713,54.1,0.728,-0.033,0.703,0.665,0.218
Niger,west africa,2016,4.235,7.042,0.683,54.45,0.702,-0.017,0.814,0.646,0.325
Niger,west africa,2017,4.616,7.053,0.582,54.8,0.684,-0.031,0.778,0.699,0.427
Niger,west africa,2018,5.164,7.084,0.612,55.15,0.791,0.008,0.637,0.759,0.503
Niger,west africa,2019,5.004,7.105,0.677,55.5,0.831,0.025,0.729,0.794,0.304
Niger,west africa,2022,4.501,7.091,0.587,56.55,0.793,0.032,0.74,0.787,0.366
Nigeria,west africa,2015,4.933,8.6,0.812,53.1,0.68,-0.037,0.926,0.715,0.251
Nigeria,west africa,2016,5.22,8.558,0.805,53.425,0.798,0.042,0.905,0.745,0.252
Nigeria,west africa,2017,5.322,8.541,0.733,53.75,0.826,0.123,0.835,0.682,0.236
Nigeria,west africa,2018,5.252,8.535,0.741,54.075,0.79,-0.012,0.866,0.762,0.256
Nigeria,west africa,2019,4.266,8.532,0.735,54.4,0.746,0.022,0.873,0.698,0.229
Nigeria,west africa,2020,5.503,8.49,0.739,54.725,0.713,0.097,0.913,0.737,0.316
Nigeria,west africa,2021,4.479,8.502,0.742,55.05,0.726,0.05,0.912,0.666,0.188
North Macedonia,south europe,2015,4.976,9.625,0.766,65.3,0.66,-0.051,0.824,0.551,0.299
North Macedonia,south europe,2016,5.346,9.652,0.871,65.5,0.706,0.076,0.87,0.587,0.292
North Macedonia,south europe,2017,5.234,9.662,0.8,65.7,0.752,-0.063,0.856,0.447,0.299
North Macedonia,south europe,2018,5.24,9.69,0.849,65.9,0.745,-0.046,0.91,0.512,0.298
North Macedonia,south europe,2019,5.015,9.728,0.815,66.1,0.725,0.02,0.923,0.515,0.304
North Macedonia,south europe,2020,5.054,9.667,0.75,66.3,0.787,0.13,0.877,0.542,0.365
North Macedonia,south europe,2021,5.535,9.709,0.809,66.5,0.793,0.191,0.884,0.563,0.303
North Macedonia,south europe,2022,5.167,9.733,0.85,66.7,0.723,0.072,0.937,0.555,0.277
Norway,north europe,2015,7.603,11.051,0.947,71.2,0.948,0.251,0.299,0.796,0.209
Norway,north europe,2016,7.596,11.053,0.96,71.25,0.954,0.127,0.41,0.809,0.209
Norway,north europe,2017,7.579,11.067,0.95,71.3,0.953,0.231,0.25,0.8,0.203
Norway,north europe,2018,7.444,11.072,0.966,71.35,0.96,0.088,0.268,0.786,0.212
Norway,north europe,2019,7.442,11.073,0.942,71.4,0.954,0.105,0.271,0.782,0.195
Norway,north europe,2020,7.29,11.06,0.956,71.45,0.965,0.069,0.271,0.777,0.216
Norway,north europe,2021,7.362,11.092,0.948,71.5,0.936,0.168,0.263,0.769,0.207
Norway,north europe,2022,7.295,11.111,0.927,71.55,0.939,0.185,0.314,0.759,0.211
Oman,west asia,2011,6.853,10.539,,62.34,0.916,0.01,,,0.295
Pakistan,south asia,2015,4.823,8.423,0.562,55.8,0.587,0.079,0.717,0.469,0.329
Pakistan,south asia,2016,5.549,8.465,0.627,56.075,0.634,0.087,0.793,0.503,0.332
Pakistan,south asia,2017,5.831,8.495,0.69,56.35,0.713,0.038,0.714,0.489,0.308
Pakistan,south asia,2018,5.472,8.54,0.685,56.625,0.773,0.061,0.799,0.47,0.377
Pakistan,south asia,2019,4.443,8.548,0.617,56.9,0.685,0.115,0.776,0.489,0.424
Pakistan,south asia,2020,4.624,8.518,0.594,57.175,0.767,0.006,0.833,0.47,0.376
Pakistan,south asia,2021,4.487,8.563,0.608,57.45,0.764,0.01,0.743,0.518,0.307
Panama,north america,2015,6.606,10.258,0.883,68.3,0.847,-0.011,0.81,0.777,0.264
Panama,north america,2016,6.118,10.289,0.882,68.4,0.884,-0.107,0.837,0.813,0.244
Panama,north america,2017,6.568,10.326,0.912,68.5,0.9,-0.174,0.841,0.795,0.242
Panama,north america,2018,6.281,10.346,0.904,68.6,0.861,-0.135,0.837,0.841,0.223
Panama,north america,2019,6.086,10.359,0.886,68.7,0.883,-0.203,0.869,0.841,0.244
Panama,north america,2021,6.553,10.276,0.899,68.9,0.811,-0.146,0.861,0.834,0.218
Panama,north america,2022,5.979,10.333,0.891,69,0.899,-0.121,0.887,0.821,0.259
Paraguay,south america,2015,5.56,9.458,0.914,65.6,0.806,-0.017,0.863,0.832,0.219
Paraguay,south america,2016,5.801,9.485,0.94,65.65,0.854,-0.08,0.756,0.833,0.197
Paraguay,south america,2017,5.713,9.518,0.902,65.7,0.891,-0.006,0.81,0.82,0.232
Paraguay,south america,2019,5.653,9.519,0.892,65.8,0.876,0.02,0.882,0.79,0.275
Paraguay,south america,2020,5.501,9.497,0.907,65.85,0.865,0.056,0.829,0.767,0.269
Paraguay,south america,2021,5.576,9.524,0.908,65.9,0.888,0.017,0.857,0.806,0.248
Paraguay,south america,2022,6.138,9.508,0.899,65.95,0.922,-0.011,0.839,0.821,0.238
Peru,south america,2015,5.577,9.394,0.798,68.8,0.802,-0.093,0.884,0.744,0.378
Peru,south america,2016,5.701,9.419,0.803,68.975,0.83,-0.137,0.866,0.791,0.338
Peru,south america,2017,5.711,9.429,0.83,69.15,0.827,-0.157,0.895,0.768,0.394
Peru,south america,2018,5.68,9.449,0.845,69.325,0.83,-0.181,0.906,0.783,0.38
Peru,south america,2019,5.999,9.452,0.809,69.5,0.815,-0.132,0.874,0.794,0.375
Peru,south america,2020,4.994,9.322,0.749,69.675,0.806,-0.091,0.912,0.736,0.481
Peru,south america,2021,5.694,9.435,0.819,69.85,0.812,-0.087,0.88,0.784,0.369
Peru,south america,2022,5.892,9.449,0.823,70.025,0.764,-0.178,0.884,0.755,0.378
Philippines,south asia,2015,5.547,8.887,0.854,61.9,0.912,-0.053,0.755,0.796,0.351
Philippines,south asia,2016,5.431,8.938,0.821,61.925,0.908,-0.073,0.792,0.807,0.29
Philippines,south asia,2017,5.594,8.987,0.851,61.95,0.926,-0.143,0.711,0.753,0.341
Philippines,south asia,2018,5.869,9.032,0.846,61.975,0.918,-0.11,0.726,0.756,0.393
Philippines,south asia,2019,6.268,9.075,0.845,62,0.91,-0.084,0.748,0.765,0.341
Philippines,south asia,2020,5.08,8.958,0.781,62.025,0.932,-0.111,0.744,0.793,0.327
Philippines,south asia,2021,5.965,8.999,0.778,62.05,0.905,-0.009,0.721,0.79,0.323
Poland,europe,2015,6.007,10.228,0.893,68,0.793,-0.096,0.81,0.631,0.24
Poland,europe,2016,6.162,10.258,0.917,68.175,0.871,-0.094,0.848,0.666,0.224
Poland,europe,2017,6.201,10.308,0.882,68.35,0.831,-0.125,0.639,0.566,0.203
Poland,europe,2018,6.111,10.365,0.863,68.525,0.87,-0.258,0.72,0.622,0.176
Poland,europe,2019,6.242,10.409,0.878,68.7,0.883,-0.235,0.696,0.613,0.168
Poland,europe,2020,6.139,10.39,0.953,68.875,0.767,-0.012,0.787,0.677,0.329
Poland,europe,2021,5.978,10.461,0.936,69.05,0.732,0.124,0.744,0.7,0.277
Poland,europe,2022,6.666,10.509,0.886,69.225,0.8,-0.207,0.667,0.594,0.14
Portugal,europe,2015,5.081,10.346,0.866,70.5,0.8,-0.167,0.941,0.629,0.371
Portugal,europe,2016,5.447,10.369,0.905,70.625,0.838,-0.229,0.922,0.659,0.326
Portugal,europe,2017,5.711,10.406,0.9,70.75,0.905,-0.18,0.881,0.608,0.294
Portugal,europe,2018,5.92,10.435,0.887,70.875,0.877,-0.265,0.88,0.646,0.318
Portugal,europe,2019,6.095,10.462,0.876,71,0.882,-0.238,0.915,0.675,0.3
Portugal,europe,2020,5.768,10.374,0.875,71.125,0.913,-0.242,0.867,0.614,0.383
Portugal,europe,2021,6.183,10.424,0.895,71.25,0.892,-0.209,0.872,0.629,0.284
Portugal,europe,2022,5.953,10.487,0.862,71.375,0.903,-0.137,0.893,0.638,0.316
Qatar,south asia,2015,6.375,11.532,,66.4,,,,,
Romania,east europe,2015,5.777,10.083,0.787,66.3,0.796,-0.145,0.962,0.627,0.312
Romania,east europe,2016,5.969,10.117,0.809,66.425,0.822,-0.118,0.949,0.607,0.258
Romania,east europe,2017,6.09,10.202,0.811,66.55,0.839,-0.163,0.926,0.632,0.231
Romania,east europe,2018,6.151,10.266,0.818,66.675,0.845,-0.222,0.921,0.649,0.298
Romania,east europe,2019,6.13,10.309,0.842,66.8,0.848,-0.226,0.954,0.605,0.244
Romania,east europe,2020,6.785,10.277,0.869,66.925,0.863,-0.159,0.918,0.668,0.256
Romania,east europe,2021,6.549,10.335,0.835,67.05,0.871,-0.184,0.928,0.674,0.264
Romania,east europe,2022,6.437,10.404,0.83,67.175,0.836,-0.172,0.941,0.615,0.258
Russia,east europe,2015,5.996,10.146,0.924,62.7,0.685,-0.175,0.913,0.609,0.13
Russia,east europe,2016,5.855,10.146,0.911,63.075,0.714,-0.185,0.925,0.587,0.142
Russia,east europe,2017,5.579,10.163,0.896,63.45,0.731,-0.149,0.862,0.651,0.195
Russia,east europe,2018,5.514,10.191,0.909,63.825,0.729,-0.151,0.865,0.615,0.199
Russia,east europe,2019,5.441,10.213,0.91,64.2,0.715,-0.12,0.848,0.632,0.2
Russia,east europe,2020,5.495,10.188,0.887,64.575,0.714,-0.076,0.823,0.621,0.19
Russia,east europe,2021,5.448,10.239,0.862,64.95,0.671,0.056,0.808,0.59,0.19
Russia,east europe,2022,6.044,10.203,0.92,65.325,0.776,-0.07,0.767,0.614,0.211
Rwanda,east africa,2015,3.483,7.52,0.678,58.9,0.908,0.025,0.095,0.692,0.206
Rwanda,east africa,2016,3.333,7.554,0.665,59.225,0.911,0.025,0.159,0.715,0.285
Rwanda,east africa,2017,3.108,7.568,0.517,59.55,0.908,0.051,0.214,0.724,0.358
Rwanda,east africa,2018,3.561,7.626,0.616,59.875,0.924,0.057,0.164,0.765,0.308
Rwanda,east africa,2019,3.268,7.692,0.489,60.2,0.869,0.064,0.168,0.717,0.418
Saudi Arabia,south asia,2005,7.08,10.675,0.868,61.2,,,0.505,0.681,0.243
Saudi Arabia,south asia,2015,6.345,10.766,0.82,63.2,0.82,-0.047,,0.668,0.327
Saudi Arabia,south asia,2016,6.474,10.762,0.89,63.4,0.774,-0.134,,0.725,0.266
Saudi Arabia,south asia,2017,6.294,10.732,0.84,63.6,0.814,-0.133,,0.703,0.306
Saudi Arabia,south asia,2018,6.356,10.733,0.868,63.8,0.855,-0.194,,0.696,0.288
Saudi Arabia,south asia,2019,6.561,10.713,0.912,64,0.891,-0.148,,0.674,0.238
Saudi Arabia,south asia,2020,6.56,10.666,0.89,64.2,0.884,-0.112,,0.702,0.251
Saudi Arabia,south asia,2021,6.445,10.7,0.859,64.4,0.902,-0.102,,0.728,0.228
Saudi Arabia,south asia,2022,6.382,10.781,0.9,64.6,,-0.027,,0.677,0.205
Senegal,west africa,2015,4.617,8.01,0.702,58.2,0.72,-0.114,0.765,0.71,0.208
Senegal,west africa,2016,4.595,8.045,0.839,58.5,0.744,-0.089,0.794,0.781,0.245
Senegal,west africa,2017,4.683,8.089,0.744,58.8,0.687,-0.047,0.825,0.751,0.291
Senegal,west africa,2018,4.769,8.122,0.739,59.1,0.629,-0.077,0.805,0.724,0.247
Senegal,west africa,2019,5.489,8.14,0.688,59.4,0.759,-0.022,0.796,0.768,0.332
Senegal,west africa,2020,4.757,8.127,0.621,59.7,0.797,-0.049,0.855,0.816,0.268
Senegal,west africa,2021,4.903,8.159,0.645,60,0.759,0.03,0.821,0.812,0.265
Senegal,west africa,2022,4.907,8.18,0.609,60.3,0.758,0.052,0.854,0.813,0.287
Serbia,south europe,2015,5.318,9.654,0.816,66.4,0.546,-0.066,0.859,0.472,0.303
Serbia,south europe,2016,5.753,9.692,0.895,66.525,0.614,-0.072,0.89,0.492,0.298
Serbia,south europe,2017,5.122,9.718,0.884,66.65,0.685,-0.081,0.851,0.485,0.326
Serbia,south europe,2018,5.936,9.767,0.853,66.775,0.74,-0.103,0.864,0.527,0.296
Serbia,south europe,2019,6.241,9.815,0.903,66.9,0.753,-0.044,0.813,0.474,0.242
Serbia,south europe,2020,6.042,9.813,0.852,67.025,0.843,0.144,0.824,0.579,0.358
Serbia,south europe,2021,6.245,9.895,0.89,67.15,0.85,0.264,0.806,0.568,0.311
Sierra Leone,west africa,2015,4.909,7.322,0.611,49.7,0.624,0.051,0.825,0.626,0.414
Sierra Leone,west africa,2016,4.733,7.357,0.657,50.5,0.681,0.107,0.863,0.616,0.456
Sierra Leone,west africa,2017,4.09,7.374,0.652,51.3,0.711,0.08,0.848,0.607,0.495
Sierra Leone,west africa,2018,4.306,7.384,0.65,52.1,0.716,0.096,0.856,0.533,0.466
Sierra Leone,west africa,2019,3.447,7.412,0.611,52.9,0.718,0.075,0.874,0.521,0.438
Sierra Leone,west africa,2021,3.714,7.387,0.609,54.5,0.659,0.109,0.851,0.538,0.448
Sierra Leone,west africa,2022,2.56,7.401,0.502,55.3,0.66,0.101,0.862,0.494,0.505
Singapore,south asia,2015,6.62,11.398,0.866,73.2,0.887,0.145,0.099,0.736,0.142
Singapore,south asia,2016,6.033,11.42,0.925,73.3,0.904,0.138,0.047,0.745,0.111
Singapore,south asia,2017,6.378,11.465,0.897,73.4,0.926,0.13,0.162,0.75,0.179
Singapore,south asia,2018,6.375,11.496,0.903,73.5,0.916,-0.071,0.097,0.731,0.107
Singapore,south asia,2019,6.378,11.496,0.925,73.6,0.938,0.022,0.07,0.674,0.138
Singapore,south asia,2021,6.587,11.571,0.876,73.8,0.879,0.063,0.145,0.697,0.16
Slovakia,europe,2015,6.162,10.266,0.943,67.6,0.587,-0.13,0.928,0.632,0.269
Slovakia,europe,2016,5.993,10.284,0.945,67.825,0.7,-0.063,0.917,0.688,0.232
Slovakia,europe,2017,6.366,10.311,0.913,68.05,0.714,-0.056,0.92,0.709,0.213
Slovakia,europe,2018,6.235,10.349,0.922,68.275,0.758,-0.169,0.91,0.67,0.253
Slovakia,europe,2019,6.243,10.373,0.933,68.5,0.771,-0.131,0.926,0.676,0.252
Slovakia,europe,2020,6.519,10.337,0.954,68.725,0.762,-0.079,0.901,0.695,0.274
Slovakia,europe,2021,6.419,10.369,0.951,68.95,0.742,0.046,0.896,0.692,0.241
Slovenia,europe,2015,5.741,10.428,0.901,70,0.896,0.004,0.892,0.644,0.261
Slovenia,europe,2016,5.937,10.459,0.934,70.175,0.904,-0.058,0.838,0.597,0.272
Slovenia,europe,2017,6.167,10.505,0.928,70.35,0.921,-0.029,0.829,0.582,0.286
Slovenia,europe,2018,6.249,10.545,0.941,70.525,0.942,-0.123,0.839,0.601,0.275
Slovenia,europe,2019,6.665,10.572,0.949,70.7,0.945,-0.106,0.785,0.622,0.228
Slovenia,europe,2020,6.462,10.521,0.953,70.875,0.958,-0.089,0.797,0.575,0.314
Slovenia,europe,2021,6.761,10.598,0.955,71.05,0.851,0.027,0.754,0.643,0.261
Slovenia,europe,2022,6.723,10.644,0.942,71.225,0.93,0.101,0.762,0.625,0.242
Somalia,africa,2014,5.528,6.83,0.611,47.66,0.874,0.024,0.456,0.689,0.207
Somalia,africa,2015,5.354,6.937,0.599,48.1,0.968,0.02,0.41,0.764,0.187
Somalia,africa,2016,4.668,6.981,0.594,48.5,0.917,0.073,0.441,0.773,0.193
Somaliland region,east africa,2009,4.991,,0.88,,0.746,,0.513,0.708,0.112
Somaliland region,east africa,2010,4.657,,0.829,,0.82,,0.471,0.632,0.083
Somaliland region,east africa,2011,4.931,,0.788,,0.858,,0.357,0.691,0.122
Somaliland region,east africa,2012,5.057,,0.786,,0.758,,0.334,0.687,0.152
South Africa,africa,2015,4.887,9.539,0.898,54.1,0.862,-0.136,0.853,0.717,0.161
South Africa,africa,2016,4.77,9.536,0.875,54.625,0.774,-0.08,0.813,0.743,0.301
South Africa,africa,2017,4.514,9.543,0.87,55.15,0.787,-0.139,0.865,0.709,0.268
South Africa,africa,2018,4.884,9.546,0.841,55.675,0.753,-0.061,0.841,0.736,0.283
South Africa,africa,2019,5.035,9.536,0.848,56.2,0.738,-0.145,0.82,0.727,0.268
South Africa,africa,2020,4.947,9.458,0.891,56.725,0.757,-0.027,0.912,0.761,0.294
South Africa,africa,2021,5.599,9.496,0.922,57.25,0.704,-0.145,0.892,0.784,0.173
South Korea,east asia,2015,5.78,10.567,0.768,72,0.616,-0.04,0.841,0.561,0.244
South Korea,east asia,2016,5.971,10.592,0.811,72.275,0.591,0.022,0.862,0.583,0.233
South Korea,east asia,2017,5.874,10.62,0.807,72.55,0.538,0.01,0.851,0.546,0.235
South Korea,east asia,2018,5.84,10.645,0.798,72.825,0.6,-0.093,0.797,0.579,0.217
South Korea,east asia,2019,5.903,10.663,0.783,73.1,0.706,-0.06,0.718,0.593,0.236
South Korea,east asia,2020,5.793,10.655,0.808,73.375,0.711,-0.111,0.665,0.55,0.247
South Korea,east asia,2021,6.113,10.697,0.811,73.65,0.717,-0.031,0.685,0.566,0.221
South Korea,east asia,2022,5.95,10.726,0.81,73.925,0.723,0.003,0.747,0.585,0.233
South Sudan,north africa,2015,4.071,,0.585,53,0.512,,0.71,0.553,0.45
South Sudan,north africa,2016,2.888,,0.532,53.175,0.44,,0.785,0.594,0.549
South Sudan,north africa,2017,2.817,,0.557,53.35,0.456,,0.761,0.565,0.517
Spain,north africa,2015,6.381,10.529,0.956,71.6,0.732,-0.076,0.822,0.705,0.285
Spain,north africa,2016,6.319,10.558,0.942,71.725,0.768,-0.052,0.819,0.63,0.301
Spain,north africa,2017,6.23,10.585,0.903,71.85,0.756,-0.036,0.791,0.601,0.302
Spain,north africa,2018,6.513,10.603,0.91,71.975,0.722,-0.079,0.777,0.636,0.357
Spain,north africa,2019,6.457,10.615,0.949,72.1,0.778,-0.053,0.73,0.636,0.316
Spain,north africa,2020,6.502,10.49,0.935,72.225,0.783,-0.125,0.73,0.671,0.317
Spain,north africa,2021,6.47,10.543,0.926,72.35,0.782,-0.074,0.729,0.639,0.324
Spain,north africa,2022,6.337,10.587,0.934,72.475,0.781,0.001,0.673,0.636,0.32
Sri Lanka,south asia,2015,4.612,9.427,0.863,66.6,0.902,0.313,0.859,0.789,0.235
Sri Lanka,south asia,2017,4.331,9.517,0.823,66.8,0.827,0.085,0.844,0.729,0.27
Sri Lanka,south asia,2018,4.435,9.529,0.833,66.9,0.859,0.098,0.856,0.773,0.302
Sri Lanka,south asia,2019,4.213,9.521,0.815,67,0.824,0.045,0.863,0.753,0.315
Sri Lanka,south asia,2020,4.778,9.48,0.842,67.1,0.803,-0.048,0.768,0.758,0.285
Sri Lanka,south asia,2021,4.103,9.502,0.812,67.2,0.771,-0.012,0.849,0.733,0.312
State of Palestine,west asia,2015,4.695,8.683,0.766,,0.556,-0.17,0.774,0.536,0.369
State of Palestine,west asia,2016,4.907,8.738,0.818,,0.608,-0.149,0.812,0.544,0.378
State of Palestine,west asia,2017,4.628,8.734,0.824,,0.632,-0.183,0.831,0.534,0.416
State of Palestine,west asia,2018,4.554,8.718,0.819,,0.655,-0.16,0.814,0.528,0.419
State of Palestine,west asia,2019,4.483,8.716,0.833,,0.653,-0.132,0.829,0.538,0.4
State of Palestine,west asia,2022,4.908,,0.86,,0.695,,0.836,0.584,0.362
Sudan,north africa,2009,4.455,8.457,0.911,57.46,0.71,0.049,0.701,0.688,0.245
Sudan,north africa,2010,4.435,8.465,0.855,57.7,0.648,-0.07,0.737,0.589,0.221
Sudan,north africa,2011,4.314,8.527,0.818,57.94,0.583,-0.05,0.663,0.532,0.249
Sudan,north africa,2012,4.55,8.458,0.813,58.18,0.412,-0.069,0.734,0.511,0.242
Sudan,north africa,2014,4.139,8.471,0.811,58.66,0.39,-0.077,0.794,0.461,0.303
Suriname,south america,2012,6.269,9.874,0.797,62.84,0.885,-0.086,0.751,0.73,0.25
Sweden,north europe,2015,7.289,10.838,0.929,71.4,0.935,0.208,0.232,0.766,0.191
Sweden,north europe,2016,7.369,10.846,0.912,71.525,0.918,0.142,0.246,0.752,0.201
Sweden,north europe,2017,7.287,10.858,0.914,71.65,0.935,0.167,0.239,0.756,0.175
Sweden,north europe,2018,7.375,10.866,0.931,71.775,0.942,0.073,0.263,0.747,0.161
Sweden,north europe,2019,7.398,10.875,0.934,71.9,0.942,0.087,0.25,0.775,0.202
Sweden,north europe,2020,7.314,10.846,0.936,72.025,0.951,0.086,0.203,0.717,0.222
Sweden,north europe,2021,7.439,10.89,0.932,72.15,0.953,0.174,0.191,0.763,0.19
Sweden,north europe,2022,7.431,10.913,0.949,72.275,0.939,0.234,0.213,0.75,0.163
Switzerland,europe,2015,7.572,11.13,0.938,71.7,0.928,0.102,0.21,0.794,0.166
Switzerland,europe,2016,7.459,11.139,0.928,71.9,0.934,0.081,0.302,0.758,0.206
Switzerland,europe,2017,7.474,11.143,0.95,72.1,0.925,0.173,0.316,0.734,0.196
Switzerland,europe,2018,7.509,11.164,0.93,72.3,0.926,0.094,0.301,0.756,0.192
Switzerland,europe,2019,7.694,11.168,0.949,72.5,0.913,0.029,0.294,0.743,0.171
Switzerland,europe,2020,7.508,11.137,0.946,72.7,0.917,-0.072,0.28,0.73,0.193
Switzerland,europe,2021,7.328,11.171,0.934,72.9,0.908,0.024,0.287,0.747,0.183
Switzerland,europe,2022,6.884,11.184,0.881,73.1,0.848,0.128,0.235,0.71,0.18
Syria,west asia,2011,4.038,8.735,0.576,63.34,0.53,0.128,0.741,0.521,0.496
Syria,west asia,2012,3.164,8.578,0.588,61.58,0.467,0.312,0.673,0.451,0.705
Syria,west asia,2013,2.688,8.419,0.585,59.82,0.455,0.222,0.663,0.354,0.622
Syria,west asia,2015,3.462,8.492,0.464,56.3,0.448,0.039,0.685,0.363,0.643
Taiwan Province of China,east asia,2015,6.45,10.779,0.885,,0.701,0.019,0.857,0.75,0.129
Taiwan Province of China,east asia,2016,6.513,10.768,0.895,,0.719,-0.047,0.811,0.743,0.108
Taiwan Province of China,east asia,2017,6.359,10.774,0.891,,0.76,-0.068,0.743,0.715,0.114
Taiwan Province of China,east asia,2018,6.467,10.781,0.896,,0.741,-0.177,0.736,0.746,0.093
Taiwan Province of China,east asia,2019,6.537,10.797,0.893,,0.814,-0.129,0.718,0.762,0.093
Taiwan Province of China,east asia,2020,6.751,,0.901,,0.799,,0.711,0.743,0.083
Taiwan Province of China,east asia,2021,6.247,,0.866,,0.818,,0.675,0.667,0.123
Taiwan Province of China,east asia,2022,6.607,,0.883,,0.8,,0.658,0.717,0.095
Tajikistan,asia,2015,5.124,7.993,0.844,61.4,0.847,0.017,0.742,0.633,0.196
Tajikistan,asia,2016,5.104,8.036,0.857,61.55,0.703,0.004,0.632,0.587,0.22
Tajikistan,asia,2017,5.829,8.082,0.663,61.7,0.832,0.119,0.718,0.581,0.278
Tajikistan,asia,2018,5.497,8.133,0.875,61.85,,-0.071,0.578,0.632,0.22
Tajikistan,asia,2019,5.464,8.182,0.88,62,,-0.051,0.49,0.663,0.178
Tajikistan,asia,2020,5.373,8.203,0.79,62.15,,-0.051,0.55,0.652,0.344
Tajikistan,asia,2021,5.287,8.27,0.883,62.3,,-0.068,0.499,0.655,0.24
Tanzania,east africa,2015,3.661,7.744,0.79,56.7,0.759,0.148,0.906,0.607,0.192
Tanzania,east africa,2016,2.903,7.775,0.638,57.15,0.775,0.179,0.739,0.649,0.246
Tanzania,east africa,2017,3.347,7.807,0.705,57.6,0.8,0.116,0.654,0.662,0.255
Tanzania,east africa,2018,3.445,7.828,0.675,58.05,0.807,0.154,0.612,0.702,0.221
Tanzania,east africa,2019,3.64,7.855,0.687,58.5,0.85,0.101,0.589,0.679,0.243
Tanzania,east africa,2020,3.786,7.844,0.74,58.95,0.83,0.296,0.521,0.667,0.271
Tanzania,east africa,2021,3.681,7.856,0.619,59.4,0.822,0.113,0.546,0.648,0.246
Tanzania,east africa,2022,3.616,7.872,0.6,59.85,0.856,0.136,0.584,0.707,0.195
Thailand,south asia,2015,6.202,9.675,0.866,68,0.885,0.314,0.914,0.884,0.174
Thailand,south asia,2016,6.074,9.705,0.908,68.075,0.924,0.354,0.878,0.811,0.218
Thailand,south asia,2017,5.939,9.741,0.877,68.15,0.923,0.211,0.884,0.776,0.232
Thailand,south asia,2018,6.012,9.78,0.873,68.225,0.905,0.257,0.907,0.783,0.198
Thailand,south asia,2019,6.022,9.798,0.903,68.3,0.898,0.307,0.877,0.792,0.208
Thailand,south asia,2020,5.885,9.732,0.867,68.375,0.84,0.272,0.918,0.77,0.326
Thailand,south asia,2021,5.638,9.745,0.883,68.45,0.836,0.293,0.943,0.719,0.298
Thailand,south asia,2022,6.007,9.777,0.867,68.525,0.881,0.301,0.868,0.773,0.218
Togo,west africa,2015,3.768,7.54,0.479,54.2,0.772,-0.089,0.733,0.597,0.416
Togo,west africa,2016,3.879,7.569,0.509,54.7,0.73,-0.027,0.815,0.61,0.483
Togo,west africa,2017,4.361,7.587,0.508,55.2,0.717,-0.063,0.726,0.614,0.426
Togo,west africa,2018,4.023,7.611,0.596,55.7,0.612,-0.027,0.809,0.602,0.446
Togo,west africa,2019,4.179,7.64,0.539,56.2,0.617,0.044,0.737,0.606,0.444
Togo,west africa,2021,4.037,7.661,0.603,57.2,0.619,0.041,0.766,0.628,0.417
Togo,west africa,2022,4.239,7.685,0.579,57.7,0.696,0.007,0.713,0.594,0.414
Trinidad and Tobago,south america,2017,6.192,10.174,0.916,65.7,0.859,0.012,0.911,0.763,0.248
Tunisia,north africa,2015,5.132,9.283,0.609,66.7,0.711,-0.231,0.815,0.514,0.32
Tunisia,north africa,2016,4.521,9.283,0.702,66.75,0.614,-0.169,0.811,0.532,0.378
Tunisia,north africa,2017,4.124,9.294,0.717,66.8,0.478,-0.223,0.869,0.367,0.377
Tunisia,north africa,2018,4.741,9.31,0.733,66.85,0.65,-0.196,0.84,0.536,0.365
Tunisia,north africa,2019,4.315,9.315,0.61,66.9,0.659,-0.214,0.889,0.459,0.433
Tunisia,north africa,2020,4.731,9.215,0.719,66.95,0.668,-0.204,0.877,0.519,0.439
Tunisia,north africa,2021,4.499,9.249,0.711,67,0.591,-0.203,0.933,0.451,0.336
Tunisia,north africa,2022,4.261,9.266,0.755,67.05,0.474,-0.231,0.908,0.458,0.304
Turkey,west asia,2015,5.514,10.15,0.851,67.7,0.653,-0.019,0.806,0.391,0.382
Turkey,west asia,2016,5.326,10.166,0.88,67.875,0.644,-0.068,0.764,0.414,0.39
Turkey,west asia,2017,5.607,10.225,0.876,68.05,0.644,-0.24,0.671,0.393,0.313
Turkey,west asia,2018,5.186,10.246,0.847,68.225,0.529,-0.179,0.805,0.379,0.351
Turkey,west asia,2019,4.872,10.245,0.792,68.4,0.631,-0.139,0.76,0.347,0.368
Turkey,west asia,2020,4.862,10.257,0.857,68.575,0.51,-0.117,0.774,0.332,0.44
Turkey,west asia,2021,4.367,10.357,0.736,68.75,0.447,-0.037,0.81,0.297,0.471
Turkmenistan,asia,2015,5.791,9.437,0.96,61.7,0.701,0.092,,0.633,0.301
Turkmenistan,asia,2016,5.887,9.479,0.929,61.8,0.749,0.004,,0.56,0.255
Turkmenistan,asia,2017,5.229,9.525,0.908,61.9,0.72,0.065,,0.488,0.35
Turkmenistan,asia,2018,4.621,9.569,0.984,62,0.858,0.259,,0.567,0.189
Turkmenistan,asia,2019,5.474,9.615,0.982,62.1,0.892,0.284,,0.494,0.183
Uganda,south africa,2015,4.238,7.654,0.747,56.3,0.758,0.131,0.873,0.679,0.353
Uganda,south africa,2016,4.233,7.667,0.754,56.775,0.739,0.128,0.811,0.665,0.41
Uganda,south africa,2017,4.001,7.663,0.74,57.25,0.772,0.056,0.816,0.689,0.4
Uganda,south africa,2018,4.322,7.69,0.74,57.725,0.729,0.075,0.856,0.687,0.39
Uganda,south africa,2019,4.948,7.719,0.805,58.2,0.704,0.135,0.826,0.689,0.385
Uganda,south africa,2020,4.641,7.714,0.8,58.675,0.687,0.143,0.878,0.705,0.425
Uganda,south africa,2021,4.225,7.717,0.793,59.15,0.711,0.084,0.835,0.699,0.359
Ukraine,east europe,2015,3.965,9.325,0.909,63.8,0.431,-0.036,0.952,0.531,0.241
Ukraine,east europe,2016,4.029,9.353,0.885,63.925,0.503,0.007,0.891,0.55,0.22
Ukraine,east europe,2017,4.311,9.381,0.858,64.05,0.599,-0.005,0.937,0.528,0.235
Ukraine,east europe,2018,4.662,9.42,0.901,64.175,0.663,-0.078,0.943,0.55,0.222
Ukraine,east europe,2019,4.702,9.458,0.883,64.3,0.715,-0.084,0.885,0.549,0.201
Ukraine,east europe,2020,5.27,9.426,0.885,64.425,0.784,0.123,0.946,0.629,0.285
Ukraine,east europe,2021,5.311,9.468,0.879,64.55,0.77,0.169,0.922,0.575,0.25
Ukraine,east europe,2022,4.637,9.049,0.863,64.675,0.829,0.428,0.852,0.527,0.39
United Arab Emirates,west asia,2015,6.568,11.128,0.824,65.4,0.915,0.193,,0.722,0.296
United Arab Emirates,west asia,2016,6.831,11.174,0.849,65.55,0.949,0.122,,0.739,0.245
United Arab Emirates,west asia,2017,7.039,11.173,0.836,65.7,0.962,0.207,,0.737,0.208
United Arab Emirates,west asia,2018,6.604,11.178,0.851,65.85,0.944,0.045,,0.723,0.302
United Arab Emirates,west asia,2019,6.711,11.181,0.862,66,0.911,0.119,,0.73,0.284
United Arab Emirates,west asia,2020,6.458,11.122,0.827,66.15,0.942,0.05,,0.702,0.298
United Arab Emirates,west asia,2021,6.733,11.152,0.826,66.3,0.951,0.151,,0.697,0.217
United Arab Emirates,west asia,2022,6.738,11.202,0.798,66.45,0.932,0.171,,0.715,0.242
United Kingdom,north europe,2015,6.515,10.713,0.936,69.7,0.833,0.296,0.456,0.74,0.219
United Kingdom,north europe,2016,6.824,10.727,0.954,69.8,0.821,0.246,0.458,0.732,0.23
United Kingdom,north europe,2017,7.103,10.744,0.937,69.9,0.813,0.286,0.419,0.712,0.21
United Kingdom,north europe,2018,7.233,10.755,0.928,70,0.838,0.221,0.404,0.736,0.228
United Kingdom,north europe,2019,7.157,10.766,0.943,70.1,0.854,0.265,0.485,0.739,0.251
United Kingdom,north europe,2020,6.798,10.645,0.929,70.2,0.885,0.197,0.49,0.717,0.225
United Kingdom,north europe,2021,6.867,10.714,0.854,70.3,0.815,0.254,0.448,0.684,0.266
United Kingdom,north europe,2022,6.722,10.754,0.863,70.4,0.857,0.309,0.426,0.723,0.27
United States,north america,2015,6.864,10.976,0.904,66.6,0.849,0.215,0.698,0.769,0.275
United States,north america,2016,6.804,10.985,0.897,66.475,0.758,0.14,0.739,0.737,0.264
United States,north america,2017,6.992,11.001,0.921,66.35,0.868,0.193,0.681,0.755,0.268
United States,north america,2018,6.883,11.024,0.904,66.225,0.825,0.112,0.71,0.757,0.292
United States,north america,2019,6.944,11.043,0.917,66.1,0.836,0.14,0.707,0.755,0.244
United States,north america,2020,7.028,11.005,0.937,65.975,0.85,0.029,0.678,0.722,0.295
United States,north america,2021,6.959,11.061,0.92,65.85,0.816,0.19,0.687,0.74,0.277
United States,north america,2022,6.693,11.079,0.9,65.725,0.736,0.191,0.701,0.712,0.267
Uruguay,south america,2015,6.628,10.021,0.891,67.5,0.917,-0.042,0.673,0.812,0.3
Uruguay,south america,2016,6.171,10.034,0.9,67.5,0.886,-0.082,0.676,0.735,0.283
Uruguay,south america,2017,6.336,10.048,0.914,67.5,0.898,-0.101,0.627,0.742,0.28
Uruguay,south america,2018,6.372,10.051,0.917,67.5,0.876,-0.106,0.683,0.775,0.275
Uruguay,south america,2019,6.6,10.054,0.933,67.5,0.903,-0.104,0.599,0.764,0.222
Uruguay,south america,2020,6.31,9.991,0.921,67.5,0.908,-0.091,0.491,0.721,0.265
Uruguay,south america,2021,6.502,10.035,0.914,67.5,0.899,-0.051,0.606,0.746,0.263
Uruguay,south america,2022,6.671,10.084,0.905,67.5,0.878,-0.052,0.631,0.775,0.267
Uzbekistan,asia,2015,5.972,8.764,0.968,63.5,0.98,0.368,0.471,0.778,0.103
Uzbekistan,asia,2016,5.893,8.804,0.945,63.8,0.984,0.202,,0.771,0.147
Uzbekistan,asia,2017,6.421,8.831,0.942,64.1,0.985,0.116,0.465,0.745,0.203
Uzbekistan,asia,2018,6.205,8.865,0.921,64.4,0.97,0.312,0.52,0.746,0.209
Uzbekistan,asia,2019,6.154,8.902,0.915,64.7,0.97,0.298,0.511,0.751,0.22
Uzbekistan,asia,2020,5.842,8.902,0.85,65,0.928,0.193,0.642,0.678,0.279
Uzbekistan,asia,2021,6.185,8.953,0.896,65.3,0.927,0.186,0.662,0.698,0.233
Uzbekistan,asia,2022,6.016,8.99,0.879,65.6,0.959,0.309,0.616,0.741,0.225
Venezuela,south america,2015,5.569,8.532,0.911,65.1,0.512,-0.086,0.813,0.837,0.223
Venezuela,south america,2016,4.041,7.602,0.902,64.925,0.458,-0.056,0.89,0.676,0.392
Venezuela,south america,2017,5.071,5.943,0.896,64.75,0.636,0.054,0.844,0.697,0.363
Venezuela,south america,2018,5.006,5.935,0.887,64.575,0.611,0.072,0.828,0.723,0.374
Venezuela,south america,2019,5.081,5.527,0.888,64.4,0.626,0.128,0.839,0.73,0.351
Venezuela,south america,2020,4.574,,0.805,64.225,0.612,,0.811,0.689,0.396
Venezuela,south america,2021,5.108,,0.812,64.05,0.596,,0.824,0.698,0.389
Venezuela,south america,2022,5.949,,0.899,63.875,0.77,,0.798,0.754,0.292
Vietnam,south asia,2015,5.076,8.999,0.849,64.9,,0.066,,0.583,0.232
Vietnam,south asia,2016,5.062,9.053,0.876,65,0.894,-0.109,0.799,0.487,0.223
Vietnam,south asia,2017,5.175,9.111,,65.1,,,,,
Vietnam,south asia,2018,5.296,9.173,0.832,65.2,0.909,-0.061,0.808,0.614,0.191
Vietnam,south asia,2019,5.467,9.235,0.848,65.3,0.952,-0.146,0.788,0.658,0.186
Vietnam,south asia,2020,5.462,9.254,0.765,65.4,0.945,0.066,0.791,0.699,0.286
Vietnam,south asia,2021,5.54,9.271,0.799,65.5,0.897,0.107,0.798,0.651,0.28
Vietnam,south asia,2022,6.267,9.333,0.879,65.6,0.975,-0.179,0.703,0.774,0.108
Yemen,west asia,2015,2.983,7.772,0.669,58.4,0.61,-0.135,0.829,0.458,0.321
Yemen,west asia,2016,3.826,7.552,0.775,58.175,0.533,-0.141,,0.401,0.228
Yemen,west asia,2017,3.254,7.243,0.79,57.95,0.595,-0.124,,0.368,0.295
Yemen,west asia,2018,3.058,7.444,0.789,57.725,0.553,-0.124,0.793,0.409,0.315
Yemen,west asia,2019,4.197,7.448,0.87,57.5,0.651,-0.103,0.798,0.481,0.213
Zambia,south africa,2015,4.843,8.121,0.691,52.7,0.759,-0.039,0.871,0.634,0.382
Zambia,south africa,2016,4.348,8.127,0.767,53.125,0.812,0.122,0.771,0.688,0.372
Zambia,south africa,2017,3.933,8.13,0.744,53.55,0.823,0.14,0.74,0.66,0.387
Zambia,south africa,2018,4.041,8.139,0.718,53.975,0.791,0.048,0.811,0.662,0.351
Zambia,south africa,2019,3.307,8.123,0.638,54.4,0.811,0.078,0.832,0.674,0.394
Zambia,south africa,2020,4.838,8.066,0.767,54.825,0.75,0.058,0.81,0.679,0.345
Zambia,south africa,2021,3.082,8.082,0.619,55.25,0.833,0.141,0.824,0.656,0.349
Zimbabwe,south africa,2015,3.703,7.747,0.736,51.2,0.667,-0.107,0.81,0.639,0.179
Zimbabwe,south africa,2016,3.735,7.735,0.768,51.675,0.733,-0.079,0.724,0.685,0.209
Zimbabwe,south africa,2017,3.638,7.754,0.754,52.15,0.753,-0.081,0.751,0.734,0.224
Zimbabwe,south africa,2018,3.616,7.783,0.775,52.625,0.763,-0.051,0.844,0.658,0.212
Zimbabwe,south africa,2019,2.694,7.698,0.759,53.1,0.632,-0.047,0.831,0.658,0.235
Zimbabwe,south africa,2020,3.16,7.596,0.717,53.575,0.643,0.006,0.789,0.661,0.346
Zimbabwe,south africa,2021,3.155,7.657,0.685,54.05,0.668,-0.076,0.757,0.61,0.242
Zimbabwe,south africa,2022,3.296,7.67,0.666,54.525,0.652,-0.07,0.753,0.641,0.191
